Question, Answer,Domain
 1920 मध्ये असहकार चळवळ सुरू झाली तेव्हा कोणाचा मृत्यू झाला?," 1 ऑगस्ट 1920 रोजी असहकार आंदोलनाची घोषणा झाली, त्याच दिवशी पहाटे बाळ गंगाधर टिळकांच्या निधनाची बातमी आली.",Politics
 कोणता भारतीय कार्यकर्ता 'लोकहितवादी' या नावाने प्रसिद्ध होता?," राव बहादूर गोपाळ हरी देशमुख () हे लोकहितवादी (१८ फेब्रुवारी १८२३ - ९ ऑक्टोबर १८९२) हे महाराष्ट्रातील एक भारतीय कार्यकर्ते, विचारवंत, समाजसुधारक आणि लेखक होते.",Politics
 भारताचे पहिले राष्ट्रपती आणि अमेरिकेचे पहिले राष्ट्रपती कोण होते?," राजेंद्र प्रसाद हे एक भारतीय राजकारणी, वकील, पत्रकार आणि विद्वान होते ज्यांनी 1950 ते 1962 पर्यंत भारताचे पहिले राष्ट्रपती म्हणून काम केले. जॉर्ज वॉशिंग्टन (22 फेब्रुवारी 1732 - 14 डिसेंबर 1799) हे अमेरिकन संस्थापक, लष्करी अधिकारी आणि राजकारणी होते. 1789 ते 1797 पर्यंत युनायटेड स्टेट्सचे पहिले अध्यक्ष म्हणून काम केले.",Politics
अब्दुल कलाम कोण होते? थोडक्यात वर्णन करा.," APJ अब्दुल कलाम (जन्म: 15 ऑक्टोबर 1931, रामेश्वरम, भारत—मृत्यू 27 जुलै 2015, शिलाँग) हे एक भारतीय वैज्ञानिक आणि राजकारणी होते ज्यांनी भारताच्या क्षेपणास्त्र आणि अण्वस्त्र कार्यक्रमांच्या विकासात प्रमुख भूमिका बजावली होती. 2002 ते 2007 पर्यंत ते भारताचे राष्ट्रपती होते.",Politics
 मोदींच्या पहिल्या कार्यकाळात भारताचे अर्थमंत्री कोण होते?," अरुण जेटली (28 डिसेंबर 1952 - 24 ऑगस्ट 2019) हे भारतीय राजकारणी आणि वकील होते. भारतीय जनता पक्षाचे सदस्य, जेटली यांनी 2014 ते 2019 पर्यंत भारत सरकारचे वित्त आणि कॉर्पोरेट व्यवहार मंत्री म्हणून काम केले.",Politics
 नरेंद्र मोदींची शैक्षणिक पात्रता काय आहे?,"1978 मध्ये, मोदींनी दिल्ली विद्यापीठाच्या स्कूल ऑफ ओपन लर्निंगमधून राज्यशास्त्रात बीए पदवी प्राप्त केली, तृतीय श्रेणीसह पदवी प्राप्त केली. पाच वर्षांनंतर, 1983 मध्ये, त्यांनी बाह्य दूरस्थ शिक्षण विद्यार्थी म्हणून गुजरात विद्यापीठातून राज्यशास्त्रात मास्टर ऑफ आर्ट्स पदवी प्राप्त केली.",Politics
 अयोध्येतील वादग्रस्त वास्तू कधी पाडण्यात आली? राज्य कसे होते. सरकारने शिक्षा केली?, ६ डिसेंबर १९९२ रोजी अयोध्येतील वादग्रस्त वास्तू म्हणजेच बाबरी मशीद पाडण्यात आली. उत्तर प्रदेशचे भाजप सरकार बरखास्त करण्यात आले आणि उत्तर प्रदेशच्या मुख्यमंत्र्यांवर सर्वोच्च न्यायालयात न्यायालयाचा अवमान केल्याप्रकरणी गुन्हा दाखल करण्यात आला.,Politics
 राज्यघटनेचे कोणते कलम भारताच्या राष्ट्रपतींच्या निवडीशी संबंधित आहे?,"भारतीय राज्यघटनेच्या कलम ५४ नुसार, राष्ट्रपतींची निवड इलेक्टोरल कॉलेजद्वारे केली जाते, ज्यामध्ये संसदेच्या दोन्ही सभागृहांचे निवडून आलेले सदस्य आणि सर्व राज्यांच्या विधानसभांचे निवडून आलेले सदस्य आणि दिल्लीच्या NCT आणि पुद्दुचेरी केंद्रशासित प्रदेश.",Politics
 महाराष्ट्रात लोकसभेच्या जागांची संख्या किती आहे?," लोकसभेच्या 48 जागांसह, 80 जागा असलेल्या उत्तर प्रदेशानंतर महाराष्ट्र दुसऱ्या क्रमांकावर आहे.",Politics
 संविधानाच्या मसुदा समितीसमोर प्रस्तावना कोणी मांडली," प्रस्तावना नेहरूंच्या ""वस्तुनिष्ठ ठराव"" वर आधारित आहे. जवाहरलाल नेहरूंनी एक वस्तुनिष्ठ ठराव मांडला आणि तेव्हाच डॉ बीआर आंबेडकरांनी संविधानाचा मजकूर आणि प्रस्तावना तयार केली.",Politics
 1973 मध्ये भारताचे सरन्यायाधीश कोणाची नियुक्ती करण्यात आली? ही नियुक्ती वादग्रस्त का झाली?,"1973 मध्ये, सरकारने तीन न्यायाधीशांची ज्येष्ठता बाजूला ठेवली आणि न्यायमूर्ती एएन रे यांची भारताचे सरन्यायाधीश म्हणून नियुक्ती केली. ही नियुक्ती राजकीयदृष्ट्या वादग्रस्त ठरली कारण रद्द करण्यात आलेल्या तीनही न्यायमूर्तींनी सरकारच्या भूमिकेविरुद्ध निर्णय दिला होता.",Politics
 मार्च 1977 च्या सार्वत्रिक निवडणुकीत जनता पक्ष आणि त्यांच्या मित्रपक्षांनी लोकसभेच्या किती जागा जिंकल्या?, जनता पक्ष आणि त्यांच्या मित्रपक्षांनी लोकसभेच्या 542 पैकी 330 जागा जिंकल्या; जनता पक्षाने स्वतः 295 जागा जिंकल्या आणि त्यामुळे स्पष्ट बहुमत मिळाले.,Politics
 2024 पर्यंत महाराष्ट्राचे मुख्यमंत्री कोण आहेत?, एकनाथ संभाजी शिंदे हे एक भारतीय राजकारणी आहेत जे 30 जून 2022 पासून महाराष्ट्राचे 20 वे आणि विद्यमान मुख्यमंत्री म्हणून काम करत आहेत. ते फेब्रुवारी 2023 पासून शिवसेनेचे नेते आणि जुलै 2022 पासून महाराष्ट्र विधानसभेचे सभागृह नेते म्हणूनही काम करत आहेत. .,Politics
कोणत्या उच्च न्यायालयाने 12 जून 1975 रोजी पंतप्रधान इंदिरा गांधी यांच्या विरोधात निकाल दिला आणि 1971 ला त्यांचे लोकसभेचे सदस्यत्व गमावले.," उत्तर प्रदेश राज्य वि. राज नारायण (1975 AIR 865, 1975 SCR (3) 333) हा 1975 मधील अलाहाबाद उच्च न्यायालयाने सुनावणी केलेला खटला होता ज्यामध्ये भारताच्या पंतप्रधान इंदिरा गांधी यांना निवडणूक गैरव्यवहारांसाठी दोषी ठरवण्यात आले होते.",Politics
 भारतातील संस्थानांच्या एकत्रीकरणात सरदार पटेल यांनी बजावलेली भूमिका स्पष्ट करा.," स्वातंत्र्यानंतरच्या महत्त्वाच्या काळात सरदार पटेल हे भारताचे उपपंतप्रधान आणि गृहमंत्री होते. संस्थानांच्या राज्यकर्त्यांशी ठामपणे पण मुत्सद्देगिरीने वाटाघाटी करण्यात आणि त्यातील बहुतेकांना भारतीय संघराज्यात आणण्यात त्यांनी ऐतिहासिक भूमिका बजावली. सरदार पटेल यांनी भारतातील संस्थानांच्या एकत्रीकरणात खालील भूमिका बजावल्या: त्यांनी राजनैतिक आणि वाटाघाटीद्वारे संस्थानांकडून विलय करण्याचे पत्र प्राप्त केले. हैदराबाद, जुनागढ, मणिपूर आणि काश्मीर या राज्यांच्या विलीनीकरणासाठी त्यांनी बळाचा वापर केला.",Politics
1952 च्या पहिल्या सार्वत्रिक निवडणुकीत काँग्रेस पक्ष आणि भारतीय जनसंघाची निवडणूक चिन्हे कोणती होती?, 1952 च्या पहिल्या सार्वत्रिक निवडणुकीत काँग्रेस पक्षाचे चिन्ह बैलजोडी आणि दिवा (दीपक) हे भारतीय जनसंघाचे चिन्ह होते.,Politics
 शिवसेनेचे मुख्यालय कोठे आहे?," ठाण्यातील आनंद दिघे यांच्या घरी शिवसेनेचे मुख्यालय आणि मुख्य कार्यालय आहे. दिघे हे शिवसेनेचे मुखी नेता (मुख्य नेते) एकनाथ शिंदे यांचे गुरु व मार्गदर्शक होते. 24 फेब्रुवारी 2023 रोजी, शिंदे यांनी उद्धव ठाकरे यांच्याकडून पक्षाची सूत्रे हाती घेतल्यानंतर मुख्यालय शिवसेना भवनातून हलवण्यात आले;[75] तर ठाकरे यांच्या गटाचे शिवसेना भवनावर नियंत्रण राहिले.",Politics
 स्वतःचा अधिकृत ध्वज असणारे एकमेव भारतीय राज्य कोणते?,"जम्मू आणि काश्मीरचा राज्य ध्वज हा भारतीय राज्यघटनेच्या कलम 370 द्वारे प्रदेशाला विशेष दर्जा अंतर्गत 1952 आणि 2019 दरम्यान भारताच्या पूर्वीच्या जम्मू आणि काश्मीर राज्यात वापरला जाणारा प्रतीक होता. हा लाल-पांढरा ध्वज होता ज्यामध्ये नांगर आणि राज्याच्या तीन घटक प्रदेशांचे प्रतिनिधित्व होते. ऑगस्ट 2019 मध्ये कलम 370 रद्द केल्यानंतर, या ध्वजाचा अधिकृत दर्जा गमावला.",Politics
 पंजाबवर वर्चस्व असलेल्या तीन राजकीय पक्षांची यादी करा?," पुनर्गठित सध्याच्या पंजाबमधील राजकारणात प्रामुख्याने भारतीय राष्ट्रीय काँग्रेस, आम आदमी पार्टी आणि शिरोमणी अकाली दल (बादल) या तीन पक्षांचे वर्चस्व आहे.",Politics
 2024 पर्यंत यूपीचे आरोग्य मंत्री कोण आहेत?," जय प्रताप सिंग (जन्म 7 सप्टेंबर 1953) हे उत्तर प्रदेश सरकारच्या योगी आदित्यनाथ मंत्रालयात वैद्यकीय आणि आरोग्य, कुटुंब कल्याण, माता आणि बाल कल्याण मंत्री म्हणून काम करणारे भारतीय राजकारणी आहेत.",Politics
 2024 पर्यंत मध्यप्रदेशात सध्या कोणते सरकार सत्तेवर आहे?,"डॉ. मोहन यादव (जन्म 25 मार्च 1965) हे 2023 पासून (2024 पर्यंत) मध्य प्रदेशचे 19 वे आणि विद्यमान मुख्यमंत्री म्हणून काम करणारे भारतीय राजकारणी आणि व्यापारी आहेत. भारतीय जनता पक्षाचे सदस्य, ते 2013 पासून मध्य प्रदेशच्या विधानसभेचे सदस्य म्हणून उज्जैन दक्षिण मतदारसंघाचे प्रतिनिधित्व करतात.",Politics
 2007 मध्ये यूपी विधानसभा निवडणुकीचा निकाल काय लागला?, बहुजन समाज पक्षाने विधानसभेत 403 पैकी 206 जागा जिंकून पूर्ण बहुमत मिळवले.,Politics
 एम. करुणानिधी तामिळनाडू विधानसभेसाठी कोणत्या मतदारसंघातून पहिल्यांदा निवडून आले होते?, कुळीथलाय,Politics
 ज्यांना दक्षिण भारतातील पहिले कम्युनिस्ट मानले जाते,"मलायापुरम सिंगारावेलू हे दक्षिण भारतातील पहिले कम्युनिस्ट मानले जातात. 1925 मध्ये, ते भारतीय कम्युनिस्ट पक्षाच्या संस्थापकांपैकी एक बनले; आणि कानपूर येथील उद्घाटन संमेलनाचे अध्यक्षपद भूषवले. भारतातील पहिली कामगार संघटना आयोजित करण्यासाठी आणि 19व्या शतकातील भारतात प्रचलित असलेल्या तीव्र अस्पृश्यतेच्या विरोधात लढा देण्यासाठी देखील ते ओळखले जातात.",Politics
 आंध्र प्रदेशातील सर्वात प्रभावशाली राजकीय पक्षाचे संस्थापक कोण होते?, तेलुगु देसम पार्टी (टीडीपी; भाषांतर. पार्टी ऑफ द तेलुगु लँड) हा आंध्र प्रदेश आणि तेलंगणा राज्यांमध्ये प्रभाव असलेला एक भारतीय प्रादेशिक राजकीय पक्ष आहे. 29 मार्च 1982 रोजी तेलुगू चित्रपट स्टार NT रामाराव (NTR) यांनी त्याची स्थापना केली आणि तेलुगू लोकांना समर्थन देण्यावर लक्ष केंद्रित केले.,Politics
 कर्नाटकच्या राजकारणावर वर्चस्व असलेल्या जातीसमूहांचा उल्लेख करा?,कर्नाटकच्या राजकीय वातावरणात दोन जाती गटांचे वर्चस्व आहे - दक्षिण कर्नाटक वोक्कलिगांचे प्राबल्य आणि उत्तर आणि मध्य कर्नाटकात लिंगायतांचे वर्चस्व आहे परंतु दलित हे प्रमुख मतदार आहेत आणि कर्नाटकातील सत्ताधारी पक्षाचे निर्णायक घटक आहेत.,Politics
 भारतातील कोणत्या राज्याने कम्युनिस्टांना सत्तेवर निवडून दिले?," केरळने 1957 मध्ये लोकशाही पद्धतीने कम्युनिस्टांना सत्तेवर निवडून इतिहास रचला, असे करणारे जगातील पहिले देश आहे.",Politics
 बिहारमध्ये प्रशासकीय हेतूने किती विभाग आहेत?," प्रशासकीय हेतूंसाठी, बिहार राज्याचे नऊ विभाग आहेत- पाटणा, तिरहुत, सारण, दरभंगा, कोसी, पूर्णिया, भागलपूर, मुंगेर आणि मगध विभाग- जे त्यांच्यामध्ये अडतीस जिल्ह्यांमध्ये विभागलेले आहेत.",Politics
 पश्चिम बंगालमध्ये निर्वासितांचा ओघ कशामुळे आला?,"1971 च्या बांगलादेश मुक्ती युद्धामुळे पश्चिम बंगालमध्ये लाखो निर्वासितांचा ओघ आला, ज्यामुळे त्याच्या पायाभूत सुविधांवर महत्त्वपूर्ण ताण आला. आंतरराष्ट्रीय प्रसारमाध्यमांनी निर्वासितांचे संकट बऱ्यापैकी हाताळण्याचे श्रेय सरकारला दिले.",Politics
 2024 पर्यंत पश्चिम बंगालमधील प्रमुख राजकीय पक्ष कोणता आहे?," अखिल भारतीय तृणमूल काँग्रेस हा सध्या पश्चिम बंगालमध्ये राज्य करणारा राजकीय पक्ष आहे. 2011 च्या पश्चिम बंगाल विधानसभा निवडणुकीत, अखिल भारतीय तृणमूल काँग्रेसने डाव्या आघाडीचा पराभव केला ज्याने पूर्ण बहुमताने जागा जिंकल्या. यामुळे पश्चिम बंगालमधील 34 वर्षांची कम्युनिस्ट राजवट संपली तसेच जगातील सर्वाधिक काळ लोकशाही पद्धतीने निवडून आलेल्या कम्युनिस्ट सरकारचाही अंत झाला. तृणमूल काँग्रेसच्या नेत्या ममता बॅनर्जी मुख्यमंत्री झाल्या.",Politics
 ओरिसामधील प्रांतीय विधानसभेच्या निवडणुकीसाठी कोणत्या कायद्याची तरतूद आहे?,भारत सरकार कायदा 1935 मध्ये प्रांतीय विधानसभा आणि सरकारच्या निवडणुकीची तरतूद करण्यात आली आणि सरकारच्या प्रमुखाला पंतप्रधान म्हणून नियुक्त केले गेले.,Politics
 गुजरातच्या पहिल्या महिला मुख्यमंत्री कोण होत्या?, आनंदीबेन मफतभाई पटेल (जन्म 21 नोव्हेंबर 1941) यांनी गुजरातच्या पहिल्या आणि एकमेव (2024 पर्यंत) महिला मुख्यमंत्री म्हणून काम केले.,Politics
 2022 च्या गुजरात विधानसभेच्या निवडणुकीत कोणत्या पक्षाला सर्वाधिक बहुमत मिळाले?," 2022 च्या गुजरात विधानसभेच्या निवडणुकीत, भारतीय जनता पक्षाने 156 जागांवर प्रचंड बहुमत मिळवले, जे गुजरातच्या इतिहासातील कोणत्याही पक्षाने जिंकलेले सर्वात जास्त आहे. भारतीय राष्ट्रीय काँग्रेस राज्यात 3 दशकांतील सर्वात नीचांकी संख्याबळावर घसरली आणि आम आदमी पक्षाला पाच जागा मिळाल्या.",Politics
 2012 गोवा निवडणुकीत कोणत्या पक्षाने भारतीय राष्ट्रीय काँग्रेसचा पराभव केला?,२०१२ च्या निवडणुकीत भारतीय जनता पक्षाने (भाजप) गोव्यात मुख्यमंत्री दिगंबर कामत यांच्या नेतृत्वाखालील भारतीय राष्ट्रीय काँग्रेस सरकारचा पराभव केला. ही निवडणूक भाजप-महाराष्ट्रवादी गोमंतक युतीने जिंकली ज्याने 40 जागांच्या विधानसभेत 24 जागा जिंकल्या.,Politics
 गुजरातमध्ये एकूण किती मतदारसंघ आहेत?,182,Politics
 महाराष्ट्र नवनिर्माण सेनेची स्थापना कोणी केली?, महाराष्ट्र नवनिर्माण सेना (अनुवाद: महाराष्ट्र सुधार सेना; abbr. MNS) हा महाराष्ट्र राज्यात स्थित एक प्रादेशिक अतिउजवा भारतीय राजकीय पक्ष आहे आणि हिंदुत्व आणि मराठी माणूस यांच्या विचारधारेवर चालतो.[12][13] 9 मार्च 2006 रोजी राज ठाकरे यांनी त्यांचे चुलत भाऊ उद्धव ठाकरे यांच्याशी मतभेद झाल्यामुळे शिवसेना पक्ष सोडल्यानंतर त्याची स्थापना केली.,Politics
 सामाजिक इतिहासकार बद्री नारायण यांनी ओळखल्याप्रमाणे 2015 च्या बिहार निवडणुकीत मुख्य घटक कोणता होता?,"सामाजिक इतिहासकार बद्री नारायण यांनी मांडलेल्या जातीच्या राजकारणाचा सामना करण्यासाठी हिंदुत्वाचे राजकारण होते, ज्यांनी 2015 च्या राजकीय गोंधळाची ओळख अनेक प्रादेशिक राजकीय पक्षांसमोरील आव्हानाचा एक भाग म्हणून केली होती आणि या सर्व नेत्यांना आतील विशिष्ट जाती गटांचा पाठिंबा होता. त्यांची राज्ये.",Politics
 इंडियन नॅशनल डेव्हलपमेंटल इन्क्लुझिव्ह अलायन्स (INDIA) च्या स्थापनेमागील प्रेरणा काय होती?, 2014 आणि 2019 च्या सार्वत्रिक निवडणुकांमध्ये NDA ला पराभूत करण्यात विरोधकांच्या अक्षमतेनंतर 2024 च्या सार्वत्रिक निवडणुकीत भाजपच्या नेतृत्वाखालील NDA विरुद्ध उभे राहण्यासाठी जवळजवळ सर्व प्रमुख राजकीय पक्षांची महाआघाडीची गरज होती.,Politics
 फ्रीडम हाऊसने 2023 मध्ये भारतीय लोकशाहीचे वर्गीकरण कसे केले?," 2023 मध्ये फ्रीडम हाऊसच्या फ्रीडम इन द वर्ल्ड रिपोर्टमध्ये सलग तिसऱ्या वर्षी भारताला ""अंशतः मुक्त"" देश म्हणून वर्गीकृत केले गेले.",Politics
 निवडणूक आयोग कोणत्या कायद्यानुसार काम करतो?,निवडणूक आयोग घटनेच्या कलम ३२४ आणि त्यानंतर लागू केलेल्या लोकप्रतिनिधी कायद्याने दिलेल्या अधिकारांनुसार काम करतो.,Politics
 भारत आणि ब्राझीलच्या हवामानाची तुलना करा,"1. भारतामध्ये मान्सूनचे हवामान आहे तर ब्राझीलमध्ये हवामानातील विविध प्रकारांचा अनुभव येतो. उदा. ब्राझीलमध्ये, विषुववृत्ताजवळ, हवामान उष्ण आहे, तर मकरवृक्षाच्या जवळ, समशीतोष्ण प्रकारचे हवामान आहे. 2. भारतात, सूर्याची किरणे कर्करोगाच्या उष्ण कटिबंधापर्यंत लंब असल्याने संपूर्ण वर्षभर सरासरी तापमान जास्त असते, तर ब्राझीलमध्ये, विषुववृत्त देशाच्या उत्तरेकडील भागात 25°C ते 28 पर्यंत कमी होते. ॲमेझॉन व्हॅलीमध्ये सरासरी तापमान 3. उदा. जम्मू आणि काश्मीर आणि हिमालयाच्या पर्वतीय प्रदेशांमध्ये तापमान -40 डिग्री सेल्सियस वाढते याउलट, ब्राझीलचा उत्तरेकडील भाग सामान्यतः उष्ण असतो, तर दक्षिणेकडील भागात तापमान तुलनेने कमी असते. प्रकार तर ब्राझीलमध्ये दक्षिण-पूर्व व्यापारी वारे आणि ईशान्येकडील व्यापार वाऱ्यांमधून ऑरोग्राफिक प्रकारचा पाऊस पडतो आणि ब्राझीलच्या उत्तर भागात पाऊस संवहनी प्रकारचा असतो 5. भारतात, गुजरात आणि राजस्थानच्या प्रदेशात कमी पाऊस पडतो ब्राझिलियन हाईलँड्सच्या ईशान्य भागात फारच कमी पाऊस पडतो. 6. भारतात, उष्णकटिबंधीय चक्रीवादळे वारंवार येतात तर ब्राझीलमध्ये ही चक्रीवादळे क्वचितच येतात.",Geography
नर्मदा खोऱ्यात एकाग्र वसाहती आढळतात, नर्मदा खोऱ्यात एकवटलेल्या वसाहती आढळतात कारण नदीजवळ शेतीयोग्य जमीन आहे. नर्मदा खोरे मुख्यत्वे गुजरात आणि मध्य प्रदेशात वसलेले असून नदीजवळील जमीन अतिशय जिरायती आहे.,Geography
 शेतकऱ्यांच्या हितासाठी सरकारने सुरू केलेल्या विविध संस्थात्मक सुधारणा कार्यक्रमांची यादी करा.," सेटलमेंट पॅटर्नवर परिणाम करू शकणाऱ्या इतर घटकांमध्ये हे समाविष्ट आहे: पाण्याची उपलब्धता, जमिनीचा उतार आणि हवामानाचे स्वरूप.",Geography
 भाताच्या वाढीसाठी आवश्यक असलेल्या भौगोलिक परिस्थितीचे वर्णन करा.," भारतात, नर्मदा खोऱ्यातील पठारी प्रदेशात नाभिक वसाहती अनेकदा आढळतात.",Geography
 भारत हा जगातील प्रमुख उत्पादक आणि निर्यातदार आहे., चहा,Geography
 पिवळ्या क्रांतीचा संदर्भ आहे, तेलबियांचे उत्पादन वाढले.,Geography
 तांदूळ उत्पादनात भारताचा जगात कोणता क्रमांक लागतो?, दुसरा,Geography
 भारतातील कोळशाच्या वितरणाचे वर्णन करा.,"भारतात कोळसा दोन मुख्य भूवैज्ञानिक युगांच्या खडक मालिकेमध्ये आढळतो, म्हणजे गोंडवाना, 200 दशलक्ष वर्षांपेक्षा थोडे जास्त आणि फक्त 55 दशलक्ष वर्षे जुने असलेल्या तृतीयक साठ्यांमध्ये. गोंडवाना कोळशाचे प्रमुख स्त्रोत, जे मेटलर्जिकल कोळसा आहेत, दामोदर खोऱ्यात (पश्चिम बंगाल-झारखंड) आहेत. झरिया, राणीगंज, बोकारो ही महत्त्वाची कोळसा क्षेत्रे आहेत. गोदावरी, महानदी, सोन आणि वर्धा खोऱ्यातही कोळशाचे साठे आहेत. मेघालय, आसाम, अरुणाचल प्रदेश आणि नागालँड या ईशान्येकडील राज्यांमध्ये तृतीयक कोळसा आढळतो. झारखंड हे सर्वात मोठे उत्पादक आहे जेथे झरिया, बोकारो, करमपूर, पलामू हे प्रमुख कोळसा क्षेत्र आहेत. पश्चिम बंगालमध्ये राणीगंज, जलपाईगुडी आणि दार्जिलिंग हे कोळसा क्षेत्र आहेत. सरगुजा, बिलासपूर, रायगड आणि बस्तर हे जिल्हे छत्तीसगडमध्ये आढळणारे कोळशाचे क्षेत्र आहेत. चिनावेअर जिल्ह्यात एमपीचे कोळसा क्षेत्र आहे आणि महाराष्ट्रात चांदा हे मुख्य क्षेत्र आहे.",Geography
 झारखंडचा कोडरमा गया-हजारीबाग पट्टा कोणत्या खनिजांच्या उत्पादनात आघाडीवर आहे?, मीका,Geography
भारतातील सर्वात जुने तेल उत्पादक राज्य कोणते आहे?, आसाम,Geography
 भारतातील सर्वात श्रीमंत खनिज पट्टा ……………… आहे., द्वीपकल्पीय पठार,Geography
 शिरा आणि लोड्समधून कोणते खनिजे मिळतात?," कथील, तांबे, जस्त आणि शिसे इत्यादी प्रमुख धातूंची खनिजे शिरा आणि लोड्समधून मिळतात.",Geography
 चिपको आंदोलनाचा उद्देश काय होता?, वनसंरक्षण,Geography
 कोणत्या वन्यजीव संरक्षण कायद्याने प्रथमच वनस्पतींच्या संरक्षित प्रजातींची यादी समाविष्ट केली आहे?, वन्यजीव संरक्षण कायदा 1972,Geography
 तीव्र लीचिंगमुळे कोणती माती तयार होते, लॅटराइट माती,Geography
 औद्योगिक क्षेत्राचे सार्वजनिक आणि खाजगी क्षेत्रात वर्गीकरण कोणत्या आधारावर केले जाते?, उपक्रमांची मालकी,Geography
 भारताचे मँचेस्टर म्हणून कोणते शहर ओळखले जाते?, अहमदाबाद,Geography
 भारतात स्टीलचा दरडोई वापर आहे, 2022-23 या वर्षात देशात स्टीलचा वापर 119.89 मेट्रिक टन आणि दरडोई स्टीलचा वापर 86.7 किलो इतका होता.,Geography
सिंधू आणि गंगा या नद्यांचा उगम कोठे आहे?, 'भागीरथी' नावाच्या गंगेचे मुख्य पाणी गंगोत्री हिमनदीद्वारे पोसले जाते आणि उत्तरांचलमधील देवप्रयाग येथे अलकनंदाने जोडले जाते. हरिद्वार येथे गंगा डोंगरातून मैदानात येते. सिंधू बाल्टिस्तान आणि गिलगिटमधून वाहते आणि अटॉक येथील पर्वतांमधून बाहेर पडते.,Geography
 कोणत्या दोन द्वीपकल्पीय नद्या कुंडातून वाहतात?," नर्मदा आणि तापी या दोन द्वीपकल्पीय नद्या आहेत, ज्या कुंडातून वाहतात.",Geography
 आजचे कोणते खंड गोंडवाना भूमीचा भाग होते?," सर्वात जुना भूभाग, (द्वीपकल्प भाग), गोंडवाना भूमीचा एक भाग होता. गोंडवाना भूमीत भारत, ऑस्ट्रेलिया, दक्षिण आफ्रिका आणि दक्षिण अमेरिका यांचा समावेश होतो.",Geography
 कोणते दोन देश सर्वात लांब आंतरराष्ट्रीय सीमा सामायिक करतात?, कॅनडा आणि युनायटेड स्टेट्स,Geography
 जगातील सर्वात दाट लोकवस्तीचे शहर कोणते आहे?," मनिला, फिलीपिन्स",Geography
 खालीलपैकी कोणते राज्य भारतात कॉफीचे सर्वात जास्त उत्पादक आहे?,कर्नाटक,Geography
 सिरोही पॉइंट पृथ्वीवर कोठे आहे?, अंटार्टिका,Geography
 भारतातील सर्वात मोठी अंतर्देशीय क्षारयुक्त पाणथळ व्यवस्था कोणत्या राज्यात आहे?, राजस्थान,Geography
 भारताच्या एकूण क्षेत्रफळाच्या किती टक्के भूभाग गंगा नदीने व्यापला आहे?,26.30%,Geography
 अलकनंदा नदीचा उगम कोणत्या हिमनदीतून झाला आहे?, सतोपंथ हिमनदी,Geography
 कोणती नदी वुलर सरोवराला पाणी देते?, झेलम,Geography
 व्हीलर आयलंड हे कोणत्या बेटाचे पूर्वीचे नाव होते?, व्हीलर बेट हे अब्दुल कलाम बेटाचे पूर्वीचे नाव होते. हे ओडिशाच्या किनारपट्टीवर स्थित आहे. संरक्षण संशोधन आणि विकास संस्थेची (DRDO) एकात्मिक चाचणी श्रेणी या बेटावर आहे.,Geography
 काश्मीर हरिण आढळणारे एकमेव अभयारण्य कोणते आहे?, दाचीगाम नॅशनल पार्क हे एकमेव अभयारण्य आहे जिथे काश्मीर हरिण आढळते. हे काश्मीरमध्ये वसलेले आहे.,Geography
 बायोस्फीअर रिझर्व्ह प्रोग्राम भारतात कोणत्या वर्षी सुरू करण्यात आला?,बायोस्फीअर रिझर्व्ह प्रोग्राम भारतात 1986 साली सुरू करण्यात आला. भारतात एकूण 18 बायोस्फीअर रिझर्व्ह आहेत.,Geography
 कोणत्या प्रकारच्या खडकामध्ये जीवाश्म आढळतात?," जीवाश्म विशेषत: गाळाच्या खडकांमध्ये तयार होतात. जेव्हा एखादा जीव मरण पावतो आणि गाळात गाडला जातो, तेव्हा हे गाळ शेवटी गाळाच्या खडकात घट्ट होतात आणि जीव जीवाश्म म्हणून जतन केला जातो. या प्रक्रियेला फॉसिलायझेशन म्हणतात. अग्निजन्य आणि रूपांतरित खडक उष्णता किंवा दाबाने तयार होतात आणि जीवाश्म नष्ट होण्याची शक्यता असते.",Geography
" ""औषध रेखा"" हे अक्षांश वर्तुळाचे दुसरे नाव आहे?"," 49 व्या समांतरला 1800 च्या मोहिमेदरम्यान यूएस सैनिकांना ते ओलांडण्यापासून रोखण्याच्या जादुई क्षमतेमुळे मेडिसिन लाइन असे टोपणनाव देण्यात आले. 49 वा समांतर उत्तर युरोप, आशिया, पॅसिफिक महासागर, उत्तर अमेरिका आणि अटलांटिक महासागर ओलांडते.",Geography
 चंद्रभागा या नावाने ओळखली जाणारी चिनाब नदी चंद्रा आणि भागा नद्यांच्या विलीनीकरणाने कोणत्या ठिकाणाजवळ येते?,"हिमाचल प्रदेशातील लाहौल स्पिती जिल्ह्यातील तांडी येथे चंद्रा आणि भागा नद्यांच्या विलीनीकरणामुळे चिनाब नदी, ज्याला चंद्रभागा नदी देखील म्हटले जाते. चंद्रा आणि भागा नद्या 4,891 मीटर उंचीवर बारालचा खिंडीच्या विरुद्ध बाजूंनी उगम पावतात. ते तांडी येथे 2,286 मीटर उंचीवर भेटतात.",Geography
 कोणत्या ग्रहाची दिवसाची लांबी आहे आणि त्याच्या अक्षाचा झुकता पृथ्वीच्या ग्रहासारखाच आहे?, मंगळ,Geography
 जगातील सर्वात मोठा बेट देश कोणता आहे?," इंडोनेशिया हा जगातील सर्वात मोठा बेट देश आहे कारण त्याचे क्षेत्रफळ 1,904,569 चौरस किमी आहे आणि त्यात 18,307 पेक्षा जास्त बेटे आहेत. हा जगातील सर्वाधिक लोकसंख्या असलेला बेट देश देखील आहे.",Geography
 मोठ्या नदीच्या उपनद्या असलेल्या खोऱ्यांना काय म्हणतात?, साइड व्हॅली ही एका मोठ्या नदीला उपनदी असलेली दरी आहे. त्या पर्वतांजवळच्या उच्च क्रमाच्या खोऱ्या आहेत.,Geography
" ""माबला पर्वत"" कोणत्या देशात आहेत?","माबला पर्वत, मॉन्टी माबला या नावानेही ओळखले जाते, ही जिबूतीच्या ओबॉक आणि ताडजौरा प्रदेशात स्थित एक पर्वतश्रेणी आहे. जिबूतीमधील पाचव्या-उंच बिंदू असलेल्या या पर्वतांमध्ये स्थानिक जिबूती स्परफॉल आणि डे फॉरेस्ट नॅशनल पार्क आहे. हा उंच प्रदेश ताडजौराच्या आखाताच्या उत्तरेला, किनारी मैदानाच्या मागे आहे जेथे लाल समुद्र एडनच्या आखाताला भेटतो.",Geography
 सर्वात जुने वृक्षारोपण कोठे झाले?, आफ्रिकेतील गिनी किनाऱ्यावरील बेटांवरील 15 व्या शतकातील आस्थापनांची सर्वात जुनी लागवड आहे. पोर्तुगीजांनी ऊस उत्पादनासाठी ही यंत्रणा येथून उत्तर ब्राझीलमध्ये नेली.,Geography
शनिवार वाड्याच्या बांधकामाचा खर्च किती होता?,"शनिवार वाड्याच्या बांधकामाचा खर्च १६,११० रुपये होता, जो त्या काळाच्या दृष्टीने खूप मोठी रक्कम होती.",History
छत्रपती शाहू महाराजांची राजवट कधी सुरू झाली आणि कधी संपली?,छत्रपती शाहू महाराजांची राजवट 1708 ते 1749 या कालावधीत होती.,History
बहमनी सल्तनत कोणी स्थापन केली?,मूळच्या बदखशान येथील ताजिक वंशात जन्मलेल्या अल्ला‍उद्दीन हसन बहामनी उर्फ हसनगंगू याने इ. स. १३४७ साली ही सल्तनत स्थापली.,History
गड आला पण सिन्हा गेला कोण कोनाला म्हंटले?,"शिवाजी महाराजांना जेव्हा कळले की तानाजी मालुसरे या युद्धात कामी आला तेव्हा महाराजांना याचे अतिव दुःख झाले. व शिवरायांच्या तोंडातून वाक्य बाहेर पडले साचा:''गड आला पण सिंह गेला'',आणि सिंहगड हे नाव आधीपासून नव्हते.",History
हेमाडपंती मंदिरांच्या बाह्य भिंतींचे वैशिष्ट्य काय असते?,"हेमाडपंती मंदिराच्या बाह्य भिंती बऱ्याचदा
तारकाकृती असतात. तारकाकृती मंदिराच्या
बांधणीत मंदिराची बाह्य भिंत अनेक कोनांमध्ये
विभागली जाते. त्यामुळे त्या भिंती आणि
त्यावरील शिल्पे यांच्यावर छायाप्रकाशाचा सुंदर
परिणाम पाहण्यास मिळतो. हेमाडपंती मंदिरांचे
महत्त्वाचे वैशिष्ट्य म्हणजे भिंतीचे दगड
सांधण्यासाठी चुना वापरलेला नसतो.
दगडांमध्येच एकमेकांत घट्ट बसतील अशा
कातलेल्या खोबणी आणि कुसू यांच्या आधाराने
भिंत उभारली जाते",History
किताब-ए-नवरस' हा ग्रंथ कोणी लिहिला?,"विजापूरचा सुलतान इब्राहिम आदिलशाह
दुसरा याने दक्‍खिनी उर्दू भाषेत ‘किताब-एनवरस’ हा ग्रंथ लिहिला",History
‘दर्पण’ या पहिल्या मराठी पत्राचे संपादक कोण होते?,‘दर्पण’ या पहिल्या मराठी पत्राचे संपादक या नात्याने बाळशास्त्री जांभेकरांना आद्यसंपादक म्हटले जाते.,History
"भारत सरकारने 1950 मध्ये कोणत्या मंडळाची स्थापना केली होती 
ज्यामध्ये पंतप्रधान पं. जवाहरलाल नेहरू चेअरमन होते?","१९५० मध्ये भारत सरकारने नियोजन मंडळाची
स्थापना केली. प्रधानमंत्री पं.जवाहरलाल नेहरू हे या
मंडळाचे अध्यक्ष होते.",History
राजकारणावरील 'सभानीती' हे पुस्तक कोणत्या शासकाने प्रकाशित केले?,"सभानीती' हे पुस्तक छत्रपती प्रतापसिंग महाराजांनी प्रकाशित केले आहे. हे पुस्तक राजकारण, प्रशासन, आणि सत्तेशी संबंधित विचारांच्या संदर्भात महत्त्वाचे मानले जाते.




",History
1905 मध्ये 'भारत सेवक समाज' कोणी स्थापन केला?,नामदार गोपाळ कृष्ण गोखले यांनी १९०५ मध्ये ‘भारत सेवक समाजा’ची स्थापना केली.,History
सावरकरांच्या आत्मचरित्राचे नाव काय होते?, ‘माझी जन्मठेप’ या आत्मचरित्रात सावरकरांनी अंदमानातील त्या भयकंर दिवसांचे अनुभव लिहून ठेवले आहेत. ,History
अमळनेर गिरणी कामगार युनियनचे अध्यक्ष कोण होते?,साने गुरुजी अमळनेर येथील गिरणी कामगार संघटनेचे अध्यक्ष होते.,History
राजकोट येथे रेडक्रॉस सोसायटीची स्थापना कोण केली?,रखमाबाई जनार्दन सावे यांनी राजकोट येथे रेडक्रॉस सोसायटीची स्थापना केली.,History
आयटकच्या पहिल्या अधिवेशनाचे अध्यक्ष कोण होते?,भारतातील सर्व कामगारांना राष्ट्रीय स्तरावर एकत्र करण्यासाठी AITUC ची स्थापना करण्यात आली. लाला लजपत राय हे पहिल्या सत्राचे अध्यक्ष होते.,History
हंगामी सरकारचे प्रमुख कोण होते?,मुक्त भारताच्या हंगामी सरकारमध्ये राज्याचे प्रमुख म्हणून सुभाषचंद्र बोस यांच्या नेतृत्वाखालील मंत्रिमंडळाचा समावेश होता.,History
भारत व पाकिस्तान या दोन स्वतंत्र राष्ट्रांची निर्मिती करण्याची योजना कोणी तयार केली?,लॉर्ड माउंटबॅटन यांनी भारत आणि पाकिस्तान या दोन स्वतंत्र राष्ट्रांच्या निर्मितीची योजना तयार केली.,History
१ मे १९६० रोजी कोणत्या राज्याची निर्मिती झाली?,१ मे १९६० रोजी महाराष्ट्राची निर्मिती झाली.,History
पुण्यातील कोणत्या गांधी स्मारक संग्रहालयात गांधीजींच्या इतिहासाविषयी माहिती मिळते?,"गांधी मेमोरियल सोसायटीचे आगाखान पॅलेस हे इटालियन आर्चेस व लॉन आहे. ब्रिटीशांनी या जागेचा उपयोग महात्मा गांधी, कस्तुरबा गांधी व महादेवभाई देसाई यांचेसाठी भारत झोडो आंदोलनात तुरुंग म्हणुन केला होता.",History
"
इ.स. १४५३ मध्ये ऑटोमन तुर्कांनी कोणते शहर जिंकून घेतले?","
कॉन्स्टँटिनोपल (आधुनिक इस्तंबूल) शहर 1453 मध्ये ऑट्टोमन तुर्कांनी जिंकले होते.",History
इंग्रजांच्या बेकायदेशीर व्यापाराला आळा घालण्याचा प्रयत्न कोणाने केला?,मीर जफर इंग्रजांच्या पाठिंब्याने बंगालचा नवाब बनला पण नंतर त्याने इंग्रजांचा विरोध सुरू केला आणि म्हणून त्याचा जावई मीर कासिम याला नवाब बनवण्यात आले. मीर कासिमने इंग्रजांच्या अवैध व्यापारावर निर्बंध घालण्याचा प्रयत्न केला आणि म्हणून मीर जफरला पुन्हा बंगालचा नवाब बनवण्यात आले.,History
१८०२ मध्ये कोणत्या पेशव्याने इंग्रजांशी तैनाती फौजेचा करार केला?,बाजीराव II ने 31 डिसेंबर 1802 रोजी बासीनच्या तहावर स्वाक्षरी केली.,History
जमशेदजी टाटा यांनी कोणत्या स्थानी टाटा आयर्न अँड स्टील कंपनीचा पोलाद निर्मितीचा कारखाना स्थापन केला?,टाटा आयर्न अँड स्टील कंपनी (TISCO) ची स्थापना जमशेदजी टाटा यांनी केली आणि दोराबजी टाटा यांनी जमशेदपूर येथे स्थापना केली.,History
"
गीतारहस्य हा ग्रंथ कोणत्या लेखकांनी लिहिला?","लोकमान्य बालगंगाधर टिळकांनी मंडाले येथील तुरुंगात श्रीमद् भगवद्गीता रहस्य लिहिले - भगवद्गीतेतील कर्मयोगाचे विश्लेषण, जे वेद आणि उपनिषदांची देणगी म्हणून ओळखले जाते.",History
जालियनवाला बाग हत्याकांडाचा निषेध म्हणून रवींद्रनाथ टागोरांनी सरकारने दिलेल्या कोणत्या किताबाचा त्याग केला?,रवींद्रनाथ टागोर यांना 1915 मध्ये किंग जॉर्ज पंचम यांनी साहित्याच्या सेवांसाठी नाइटहूड प्रदान केला होता. टागोर यांनी 1919 च्या जालियनवाला बाग हत्याकांडानंतर नाइटहूड ही पदवी त्यागली.,History
"कोणत्या भोसले अध्यक्षाने इंग्रजांशी ""नागपूरचा तह"" केला?",भोसले अध्यक्ष अप्पा साहेब आणि ब्रिटिश गव्हर्नर-जनरल लॉर्ड हेस्टिंग्ज यांच्यात १८१६ मध्ये नागपूरचा तह झाला.,History
कोणत्या वर्षी अहमदनगरचा किल्ला जनरल वेलस्लीने ताब्यात घेतला आणि त्या प्रदेशात ब्रिटिश सत्तेला प्रोत्साहन दिले?,1803 मध्ये जनरल वेलस्लीने अहमदनगरचा किल्ला ताब्यात घेतला आणि या प्रदेशात ब्रिटिश सत्तेला चालना दिली.,History
शिवाजी महाराजांचा राज्याभिषेक कोणत्या वर्षी झाला?,१६७४ मध्ये शिवाजी महाराजांचा राज्याभिषेक झाला.,History
मुघल सम्राट अकबराने खानदेश प्रदेश कोणत्या वर्षी ताब्यात घेतला?,खानदेश हा प्रदेश १६०१ मध्ये मुघल सम्राट अकबराने काबीज केला होता.,History
पानिपतच्या तिसऱ्या युद्धात मराठ्यांचा पराभव कोणी केला?,1761 मध्ये पानिपतच्या तिसऱ्या लढाईत अहमद शाह अब्दालीच्या नेतृत्वाखालील दुर्राणी साम्राज्याकडून मराठ्यांचा पराभव झाला.,History
 शिवभारत हे महाकाव्य कोणत्या मराठा राजाच्या दरबारी कवीने रचले?, शिवभारत हे वीर महाकाव्य छत्रपती शिवाजी महाराजांच्या दरबारी कवीने रचले होते.,History
 वडगाव करार किंवा करार कोणत्या युद्धात झाला?, पहिल्या इंग्रज-मराठा युद्धात वडगाव करार झाला.,History
 शेरशाहच्या काळात महसूल खाते कोणत्या भाषेत होते?, शेरशाहच्या कारकीर्दीत पर्शियन आणि हिंदवी भाषेत महसूल खाती ठेवली जात होती.,History
 गाविलगड किल्ला 1425 मध्ये कोणत्या राजाने बांधला?, गाविलगड किल्ला अहमद शाह बहमनी यांनी 1425 मध्ये बांधला होता.,History
" भारत सरकारने स्वीकारलेल्या राज्य चिन्हातील ""सत्यमेव जयते"" हे शब्द कोणत्या उपनिषदातून घेतले आहेत?"," ""सत्यमेव जयते"" हे शब्द मुंडक उपनिषदातून घेतले आहेत.",History
 मौर्य साम्राज्याचा अंत कसा झाला?, शेवटचा मौर्य शासक त्याच्या जनरलने मारला तेव्हा मौर्य साम्राज्याचा अंत झाला.,History
कैलाश मंदिर कोणत्या गुहेत आहे?, कैलाश मंदिर एलोरा लेणीमध्ये आहे.,History
 जवाहरलाल नेहरूंच्या अध्यक्षतेखाली लाहोर काँग्रेसने 'पूर्ण स्वराज' किंवा भारताच्या पूर्ण स्वातंत्र्याची मागणी केव्हा केली?, लाहोर काँग्रेसमध्ये डिसेंबर 1929 मध्ये 'पूर्ण स्वराज'च्या मागणीला औपचारिकता देण्यात आली.,History
 कोणत्या अँग्लो-मराठा युद्धामुळे पेशव्यांच्या प्रदेशाचे बॉम्बे प्रेसिडेन्सीमध्ये विलीनीकरण झाले?, तिसऱ्या इंग्रज-मराठा युद्धामुळे पेशव्यांच्या प्रदेशांचे बॉम्बे प्रेसिडेन्सीमध्ये विलीनीकरण झाले.,History
 गांधी-आयर्विन करार भारताच्या खालीलपैकी कोणत्या चळवळीशी संबंधित होता?, गांधी-आयर्विन करार सविनय कायदेभंग चळवळीशी संबंधित होता.,History
मराठा साम्राज्याच्या इतिहासातील खर्ड्याच्या लढाईचे महत्त्व सांगा.,खर्ड्याची लढाई 11 मार्च 1795 रोजी मराठा साम्राज्य आणि हैदराबादचा निजाम यांच्यात झाली. मराठ्यांनी निर्णायक विजय मिळवला. इंग्रज मराठा वर्चस्व गांभीर्याने घेतील म्हणून लढाईचा महत्त्वपूर्ण परिणाम होईल.,History
 जॉयस युलिसिसमध्ये चेतनेचा प्रवाह कसा वापरतो?," पारंपारिक कथनात्मक रचनेला मागे टाकून, पात्रांच्या मनात खोलवर जाण्यासाठी जॉयस चेतनेचा प्रवाह वापरते.",Literature
 द ग्रेट गॅट्सबी मधील हिरव्या दिव्याचे महत्त्व विश्लेषित करा.," एफ. स्कॉट फिट्झगेराल्डच्या द ग्रेट गॅट्सबी मधील डेझीच्या डॉकच्या शेवटी असलेला हिरवा दिवा हा जय गॅट्सबीच्या अमर्याद प्रेम, निराशा आणि अमेरिकन स्वप्नापर्यंत पोहोचण्याच्या अक्षमतेचे प्रतीक आहे. जॅझ युगादरम्यान न्यूयॉर्कमध्ये कथा सेट केली गेली आहे.",Literature
 वुदरिंग हाइट्समध्ये सेटिंग कोणती भूमिका बजावते?," वुथरिंग हाइट्सची सेटिंग आणि स्थान, ज्याचे वर्णन अनेकदा विश्वासघातकी म्हणून केले जाते, कादंबरीतील गडद टोन आणि त्रासदायक कथानक घटनांना बळकटी देते. घर स्वतःच विचित्र कोरीव काम असलेली एक वेगळी आणि जीर्ण दगडी वाडा आहे. थ्रशक्रॉस ग्रँज, जिथे कादंबरीचे काही भाग घडतात, ते हाईट्सप्रमाणेच वेगळ्या आहेत.",Literature
 हॅम्लेटमध्ये शेक्सपियरने लैंगिक भूमिका कशी मोडीत काढली?,"गर्ट्रूड: राणी म्हणून, ती सत्तेच्या पदावर आहे, परंतु तिचे घाईघाईने पुनर्विवाह आणि अस्पष्ट चित्रण दुःखी विधवेच्या आदर्शाला गुंतागुंतीचे करते. तिचे पात्र अनेकदा स्त्रियांना नियुक्त केलेल्या निष्क्रिय भूमिकेवर प्रश्न करते. ओफेलिया: अनेकदा एक नाजूक आणि आज्ञाधारक स्त्री म्हणून चित्रित केले जात असताना, तिचे वेडेपणा आणि दुःखद अंत हे स्त्रियांवरील पितृसत्ताक बंधनांचा विध्वंसक प्रभाव अधोरेखित करते. हॅम्लेट: राजकुमार स्वत: पारंपारिकपणे पुरुष आणि स्त्रीलिंगी गुणांचा एक जटिल संवाद प्रदर्शित करतो, ज्यामध्ये अनिर्णय, उदासपणा आणि तात्विक चिंतन समाविष्ट आहे, जे लैंगिक भूमिकांच्या कठोर सीमांना आव्हान देतात. या पात्रांद्वारे, शेक्सपियर एलिझाबेथन समाजातील लिंग आणि त्याच्या गुंतागुंतीचा सूक्ष्म अन्वेषण करतो.",Literature
 लॉर्ड ऑफ द फ्लाईजमध्ये डोळ्याच्या प्रतीकात्मकतेचे विश्लेषण करा.," लॉर्ड ऑफ द फ्लाईजचा संदेश मानवी स्वभावातील द्वंद्वाशी संबंधित आहे ज्यामुळे लोकांना सुसंस्कृत, संघटित आणि शांतताप्रिय, परंतु अराजकतावादी, हिंसक आणि क्रूर देखील होते. मुले सहकारी आणि नागरी म्हणून सुरुवात करतात, परंतु ते बेटावरील त्यांच्या काळात विकसित होतात आणि बहुतेक रानटी आणि अराजकवादी बनतात.",Literature
 लोलितामधील अविश्वसनीय कथाकार या संकल्पनेची चर्चा करा.," एक अविश्वसनीय निवेदक म्हणून हंबर्ट वाचकांवर प्रभाव पाडण्याच्या प्रयत्नात अनेक भिन्न पद्धती वापरतो. अनेक प्रसंगांमध्ये आपल्या वेडेपणाला ओव्हरप्ले करत, तो आपल्या जीवनावरील नियंत्रण गमावल्याची भावना व्यक्त करण्याचा आणि त्याद्वारे जबाबदारी टाळण्याचा प्रयत्न करतो.",Literature
 टॉमने कान मागे धुतले आहेत की नाही हे तपासण्यासाठी आंटी पॉली काय वापरते?, टॉमने कान मागे धुतले आहेत की नाही हे तपासण्यासाठी आंटी पॉली ओल्या टॉवेलचा वापर करतात.,Literature
 इंजुन जो डॉ. रॉबिन्सनला काय करतो?," तीन माणसांमधील भांडणानंतर, ज्यामध्ये मफ पॉटर बेशुद्ध झाला, इंजुन जो डॉ. रॉबिन्सनवर मफच्या चाकूने वार करतो. हक आणि टॉम पळून जातात आणि इंजुन जो नशेत असलेल्या मफला खात्री देतात की तो खुनी आहे.",Literature
 हॅम्लेटच्या वडिलांचा मृत्यू कसा झाला?," मी तुझ्या वडिलांचा आत्मा आहे,' भूत हॅम्लेटला सांगतो. हे त्याला सांगते की हॅम्लेटच्या वडिलांचा मृत्यू नैसर्गिकरित्या झाला नाही, परंतु त्याचा भाऊ क्लॉडियसने त्याची हत्या केली होती. राजा झोपला असताना क्लॉडियसने त्याच्या कानात विष टाकले, ज्यामुळे राजाला वेदनादायक मृत्यू झाला. भूत हॅम्लेटला क्लॉडियसच्या वडिलांच्या हत्येचा बदला घेण्यास सांगतो.",Literature
 आकृतिबंध आणि चिन्ह यांच्यात काय फरक आहे?, संपूर्ण कथेमध्ये आकृतिबंधांची पुनरावृत्ती झाली पाहिजे; चिन्हे फक्त एकदाच दिसू शकतात,Literature
" ""नाटकीय विडंबना"" या शब्दाची व्याख्या करा.", नाटकीय विडंबना हा एक प्रकारचा व्यंगचित्र आहे जो एखाद्या कामाच्या संरचनेद्वारे व्यक्त केला जातो: एखाद्या कामाची पात्रे अस्तित्वात असलेल्या परिस्थितीबद्दल प्रेक्षकांची जागरूकता पात्रांपेक्षा लक्षणीय भिन्न असते आणि त्यामुळे पात्रांचे शब्द आणि कृती भिन्न असतात- अनेकदा विरोधाभासी- म्हणजे कामाच्या पात्रांपेक्षा प्रेक्षकांसाठी.,Literature
 बिल्डुंगस्रोमन शैलीचे महत्त्व काय आहे?," साहित्यिक समीक्षेत, बिल्डुंगस्रोमन हा एक साहित्यिक प्रकार आहे जो बालपणापासून प्रौढत्वापर्यंत (वयात येण्यापर्यंत) नायकाच्या मानसिक आणि नैतिक वाढीवर लक्ष केंद्रित करतो,[1] ज्यामध्ये वर्ण बदल महत्त्वाचा असतो.",Literature
 साहित्यिक कार्याच्या वातावरणात सेटिंग कसे योगदान देते?,"कथेचा मूड तयार करण्यात सेटिंगचाही मोठा वाटा आहे. उदाहरणार्थ, गडद आणि उदास सेटिंग अस्वस्थता आणि तणावाची भावना निर्माण करू शकते, तर एक सनी आणि आनंदी सेटिंग शांतता आणि आनंदाची भावना निर्माण करू शकते.",Literature
" ""चेतनेचा प्रवाह"" कथनाची संकल्पना स्पष्ट करा.", चेतनेचा प्रवाह ही एक वर्णनात्मक शैली आहे जी एखाद्या पात्राची विचार प्रक्रिया वास्तववादी पद्धतीने पकडण्याचा प्रयत्न करते.,Literature
 साहित्यात अविश्वसनीय कथाकाराची भूमिका काय आहे?, एक अविश्वसनीय कथाकार एक कथाकार आहे ज्याच्या कथेवर पूर्णपणे विश्वास ठेवला जाऊ शकत नाही. काहीवेळा अविश्वसनीय निवेदक जाणीवपूर्वक वाचकांकडून माहिती रोखून ठेवतो किंवा दिशाभूल करण्याचा प्रयत्न करतो; इतर वेळी निवेदकाची अविश्वसनीयता त्यांच्या नियंत्रणाबाहेर असते.,Literature
 आंतरपाठ्यता साहित्यकृती कशी समृद्ध करते?," गंभीर किंवा अतिरिक्त अर्थ निर्माण करण्यासाठी, मुद्दा मांडण्यासाठी, विनोद निर्माण करण्यासाठी किंवा मूळ कामाचा पुनर्व्याख्या करण्यासाठी लेखक इंटरटेक्स्ट्युॲलिटी वापरू शकतात.",Literature
" ""फॉइल कॅरेक्टर"" या शब्दाची व्याख्या करा.", फॉइल कॅरेक्टर हा एक साहित्यिक घटक आहे जो मुख्य पात्र किंवा नायकाचा विरोधाभास म्हणून काम करतो.,Literature
 शोकांतिका आणि विनोदी यात काय फरक आहे?, कॉमेडी ही एक विनोदी कथा आहे ज्याचा शेवट आनंदी आहे तर शोकांतिका ही एक गंभीर कथा आहे ज्याचा शेवट दुःखद आहे.,Literature
" नाट्य साहित्यातील ""कॅथर्सिस"" ची संकल्पना स्पष्ट करा.", कॅथर्सिस ही कलेच्या माध्यमातून तीव्र किंवा मनाला भिडलेल्या भावनांना मुक्त करण्याची प्रक्रिया आहे,Literature
 कथनात पूर्वदर्शनाचा उद्देश काय आहे?," पूर्वचित्रण हा एक कथानकाचा घटक आहे जो कथेत पुढे येण्यासाठी काहीतरी सूचित करतो. लिखित स्वरुपात पूर्वचित्रण वापरण्याची अनेक कारणे आहेत, ज्यात सस्पेन्स निर्माण करणे, उत्सुकता वाढवणे आणि त्या ""अहाहा"" क्षणासाठी तुमच्या वाचकाला तयार करणे.",Literature
 कवितेमध्ये विशिष्ट प्रभाव निर्माण करण्यासाठी अनुग्रह कसा वापरला जातो?," अनुग्रह म्हणजे एकापाठोपाठ शब्दांच्या शृंखलेच्या सुरूवातीला एकाच ध्वनीची पुनरावृत्ती ज्याचा उद्देश श्रवणीय नाडी प्रदान करणे हा आहे जो लेखनाच्या एका भागाला ललित, गीतात्मक आणि/किंवा भावनिक प्रभाव देतो.",Literature
 सॉनेटची रचना स्पष्ट करा, इंग्रजी सॉनेट सहसा तीन क्वाट्रेन (4-ओळी श्लोक) आणि त्यानंतर एक यमक जोडलेले असतात.,Literature
"""व्यक्तिकरण"" या शब्दाची व्याख्या करा."," व्यक्तिमत्वाची व्याख्या ""साहित्यिक किंवा कलात्मक प्रभावाप्रमाणे वस्तू, अमूर्त कल्पना इत्यादींना मानवी वैशिष्ट्यांचे श्रेय"" आणि ""व्यक्ती, प्राणी इत्यादींच्या रूपात अमूर्त गुण किंवा कल्पनेचे प्रतिनिधित्व म्हणून केले जाते. कला आणि साहित्यात""",Literature
" ""भारतीय इंग्रजी साहित्याचे जनक"" कोणाला मानले जाते?", मुल्क राज आनंद,Literature
 वाल्मिकींनी लिहिलेल्या महाकाव्याचे नाव सांगा., रामायण,Literature
 भारतीय साहित्यात भक्ती चळवळीचे महत्त्व काय आहे?,"सर्व भिन्न हिंदू देवतांचे ऐक्य, देवाला आत्मसमर्पण, सर्व लोकांची समानता आणि बंधुता आणि देवाची भक्ती ही जीवनातील प्रथम क्रमांकाची प्राथमिकता आहे.",Literature
 कोणत्या भारतीय लेखकाला साहित्यातील नोबेल पारितोषिक मिळाले?, नोबेल पारितोषिक मिळवणारे रवींद्रनाथ टागोर हे भारत आणि आशियातील पहिले व्यक्ती ठरले.,Literature
"रवींद्रनाथ टागोरांच्या ""गीतांजली"" ची मध्यवर्ती थीम काय आहे?", गूढवाद,Literature
 मराठी साहित्यात ‘बखर’ प्रकाराचे महत्त्व काय?, मराठा शासक छत्रपती शिवाजी महाराजांच्या कर्तृत्वाचा इतिहास.,Literature
देशभक्तीपर आणि सामाजिक विषयांसाठी प्रसिद्ध असलेल्या मराठी कवीचे नाव सांगा., फकीरचंद भारती,Literature
 कोणती मराठी कादंबरी ब्रिटिश राजवटीतील सामाजिक आणि राजकीय समस्यांचा शोध घेते?, राम धरी,Literature
" ""मानिनी"" या मराठी कादंबरीचे लेखक कोण आहेत?", एन.एस.फडके,Literature
" रवींद्रनाथ टागोर यांच्या ""गोरा"" या बंगाली कादंबरीचा मुख्य विषय काय आहे?"," राष्ट्रवाद, ओळख आणि सामाजिक सुधारणा.",Literature
"""सिलप्पाधिकारम"" या तमिळ कादंबरीचे लेखक कोण आहेत?", इलांगो अडिगल,Literature
 निसर्ग आणि अध्यात्मावरील कामांसाठी प्रसिद्ध मल्याळम कवीचे नाव सांगा., सुगाथाकुमारी,Literature
" हिंदी साहित्यात ""प्रेमचंद युग"" चे महत्त्व काय आहे?"," प्रेमचंदच्या कार्यांमध्ये दलित, महिला आणि शेतकरी यासारख्या उपेक्षित गटांना सामोरे जावे लागलेले संघर्ष आणि अडचणींचे चित्रण केले आहे, राष्ट्रीय समस्यांचे निराकरण करण्यासाठी सामाजिक समरसतेची आवश्यकता अधोरेखित करते.",Literature
" ""वंशवृक्ष"" या कन्नड कादंबरीचे लेखक कोण आहेत?", एसएल भैरप्पा,Literature
 भारतीय न्यू वेव्ह चळवळीचे साहित्यात काय महत्त्व आहे?," न्यू वेव्हच्या आधी, लोकप्रिय हिंदी सिनेमाने हिंदी साहित्याकडे पूर्णपणे दुर्लक्ष केले होते, त्याऐवजी संकरित, काव्यात्मक भाषेसाठी उर्दूकडे वळले होते ज्यामध्ये ते प्रेम, विश्वास आणि न्याय बोलत होते. इंडियन न्यू वेव्हने साहित्यिक हिंदीतील संस्कृत नवविज्ञान पहिल्यांदाच सिनेमागृहात आणले.",Literature
"अरुंधती रॉय यांच्या ""द गॉड ऑफ स्मॉल थिंग्ज"" या कादंबरीची थीम काय आहे?"," अरुंधती रॉय यांचे द गॉड ऑफ स्मॉल थिंग्ज हे भारतातील दोन भ्रातृत्वाच्या जुळ्या मुलांबद्दल आहे ज्यांचे जीवन त्यांच्या भूतकाळातील शोकांतिकेने ठरलेले आहे. महत्त्वाच्या थीममध्ये कौटुंबिक, निष्ठा, निषिद्ध प्रेम, वसाहतवाद/उत्तर-वसाहतवाद, शैक्षणिक भेदभाव आणि सामाजिक वर्ग असमानता यांचा समावेश होतो.",Literature
 भारतातील दलित साहित्य चळवळीचे महत्त्व काय आहे?, दलित साहित्य हे भारतीय समाजाच्या जाती-आधारित चौकटीतील दलित समाजाचे मार्मिक सामाजिक आणि राजकीय अनुभव व्यक्त करण्यासाठी एक शक्तिशाली माध्यम म्हणून काम करते. दलितांच्या जीवनाला आकार देणाऱ्या असंख्य सामाजिक घटकांवर आणि दलित आणि दलितेतर अशा दोन्ही समुदायांसोबतच्या त्यांच्या संवादावर ते प्रकाश टाकते.,Literature
 GDP ची व्याख्या करा. कल्याणकारी उपाय म्हणून त्याचे घटक आणि मर्यादा स्पष्ट करा.,"सकल देशांतर्गत उत्पादन. हे विशिष्ट पर्याय, विशेषत: देशाच्या सीमारेषेतील उत्पादने आणि सेवांच्या एकूण मूल्य मोजमाप आहेत. कल्याण म्हणजे समाजातील व्यक्तींचे संपूर्ण कल्याण आणि जीवनाचा दर्जा.",Economics
 महागाई उत्पादन होते? त्याचे परिणाम आणि धोरणात्मक उत्तरात्मक चर्चा करा.,"अधिक नोकऱ्यांच्या आणि उच्च वेतनाच्या लाभार्थी लोक उत्पन्न आणि ग्राहक खर्चात वाढ होते, एकूण भ्रष्टाचारी आणि त्यांच्या आर्थिक आणि वाढीची पॉवर्सची सेवा. जेव्हा हे मोठ्या प्रमाणावर घडते तेव्हा व्यवसाय आणि क्षेत्रामध्ये खरेदी-विक्री.",Economics
" बेरीजची व्याख्या करा. त्याचे प्रकार, कारणे आणि धोरणात्मक उपायांचे विश्लेषण करा.","जेव्हा काम करू इच्छिणारे कर्मचारी शोधून काढू शकत नाहीत तेव्हा बेमुदत काम करतात. बेभरवशी उच्च आर्थिक संकटाचे संकेत देतात, तर बेपत्ता असल्याचे संकेत देतात. बेमर वर्गीकरण घर्षण, चक्रीय, वा संस्थात्मक संरचना म्हणून जाऊ शकते.",Economics
 देयक स्पष्ट करा. त्याचे घटक आणि परिणाम परिणाम घटकांची चर्चा करा.," पेमेंट बॅलन्स (BOP) ही एक पद्धत आहे ज्याद्वारे देश ठराविक कालावधीत सर्व आंतरराष्ट्रीय चलन व्यवहार मोजतात. बीओपीमध्ये तीन मुख्य खाती असतात: चालू खाते, भांडवली खाते आणि आर्थिक खाते.",Economics
 वित्तीय धोरण म्हणजे काय? त्याची साधने आणि स्थिरीकरणाची प्रभावीता स्पष्ट करा,"राजकोषीय सार्वजनिक सार्वजनिक खर्च, कर आकारणी आणि सार्वजनिक कर्जाच्या सार्वजनिक सरकारी धोरणाचा संदर्भ देते. हे असे साधन आहे ज्याच्या सरकारच्या देशाचा अर्थ समुद्रावर लक्ष ठेवण्यासाठी आणि त्यावर प्रभाव टाकण्यासाठी त्याच्या खर्चाची सोय आणि दर कर.",Economics
 लवचिकता व्याख्या करा. आर्थिक निर्णयामध्ये त्याचे प्रकार आणि महत्त्व स्पष्ट करा.,लवचिकता ही एक आर्थिक संकल्पना आहे जी मूळ किंवा सेवेच्या किमतीच्या विधानांशी संबंधीत मूलतत्त्वे किंवा सेवेसाठी केलेल्या एकूण प्रमाणातील बदल मोजण्यासाठी वापरतात. एखा उत्पादन लवचिक स्त्री जर उत्पादनाची क्षमता प्रमाण जास्त बदलते जेव्हा त्याची किंमत किंवा त्याची किंमत कमी होती.,Economics
 पूर्णपणे स्पष्ट करा. लौकिक-रन आणि लॉन्ग-रन समतोल विश्लेषण करा.,"अल्पधीत, समतोल चित्रवस्तु घटक होईल. दीर्घकाळ, उत्पादनाची भांडी आणि दोन्ही गोष्टी पूर्णतः समतोलावर परिणाम करतात. समतोल संख्यावर फक्त दीर्घकाळात ताकदीला सामान्य नफा.",Economics
" मक्तेदारीची व्याख्या करा. त्याची वैशिष्ट्ये, किंमत आणि सामाजिक खर्च स्पष्ट करा.","मक्तेदारी हा बाजाराच्या संरचनेचा एक प्रकार आहे ज्यामध्ये एक कंपनी आणि तिच्या वस्तू आणि सेवा नेहमी बाजारावर वर्चस्व गाजवतात. मक्तेदारी बाजाराच्या काही प्रमुख वैशिष्ट्यांमध्ये एकाच क्रियेची नियम, उच्च प्रवेश अडथळे, किमतीची स्थिर शक्ती आणि पर्यायांचा एकत्रित समावेश होतो.",Economics
 अल्पसंख्य कंपनी व्यवस्था विकसित करा. त्याची वैशिष्ट्ये आणि किंमत धोरण स्पष्ट करा.,"अल्पसंख्य व्यवस्था म्हणजे काही मार्केटवर कंपनी नियंत्रण ठेवतात. स्वकर्तृत्वाने, केवळ निवडक किमतीशी संगनमत करू शकतात, अंतिम करून अस्पष्ट किमती प्रदान करतात.",Economics
 बाह्यत्वे काय आहेत? सकारात्मक आणि नकारात्मक बाह्य आणि परिणाम त्यांच्यात फरक करा.,"आर्थिक व्यवहार अप्रत्यक्षपणे सहभागी नसताना लोक प्रत्यक्ष व्यवहार करतात. जेव्हा खर्च जास्त होतो तेव्हा नकारात्मक नकारात्मकता उद्भवते. जेव्हा लाभ पोहोचतो तेव्हा सकारात्मक बाह्यत्व वार. तर, जेव्हा व्यवहाराचे काही खर्च किंवा उत्पादक ग्राहक इतर कोणावर अवलंबून असतात तेव्हा फायदा घेतात.",Economics
" कोणत्या शहराला ऑटोमोबाईल उद्योगासाठी ""डेट्रॉईट ऑफ इंडिया"" म्हटले जाते?",चेन्नईला “आशियाचे डेट्रॉईट” (किंवा “भारताचे डेट्रॉईट”) टोपणनाव आहे. हे शहराचूक मोठमोठे ऑटोमोबाईल उत्पादन आणि संबंधित उद्योगांची निर्मिती आहे. यूएसए मध्ये उद्योग ऑटोमोबाईल उत्पादन यूएसएच्या आसपास आहेत.,Economics
 ॲड व्हॅलोरेम टॅक्स करपला लागू केला?, वस्तुची किंमत,Economics
 कोणत्या गहन विकासाचा अवलंब करण्यासाठी लीड बँक योजना अंतिम करण्यात आली?,शेतकरी समुदायाला मदत उद्देशाने गावपातळीवर सज्जता अंगीकार करण्यासाठी लीड बँक योजना अंतिम करण्यात आली.,Economics
कोणत्या घटनेची स्थापना करण्यात आली?," संसाधन वाटप, संपूर्ण आणि संपूर्ण योजनांचे मूल्यांकन या सहकाऱ्यांच्या श्रेणीवर देखरेख करण्यासाठी 1950 पंचाची स्थापना केली. ५ वर्षे. कल्पना सोव्हिएत युनियनकडून आली होती",Economics
 भारतातील सर्वात जास्त सकल राज्य देश उत्पादन (GSDP) कोणत्या देशामध्ये आहे?,राज्ये आणि केंद्रशासित प्रदेशात महाराष्ट्राचा जीएसडीपी सर्वाधिक आहे. सध्याच्या किमतीनुसार भारताच्या एकूण जीडीपीमध्ये ते 14.11% योगदान देते आणि तुम्हाला तामिळनाडू (8.55%) आहे.,Economics
 कोणत्या बाजूने शालेय शिक्षण गुणवत्ता निर्देशांक सुरू केला?,NITI परिषद शालेय शिक्षण गुणवत्ता निर्देशांक (SEQI) लाँच केला. SEQI मध्ये शालेय शिक्षण क्षेत्राच्या एकूण परिणामकारकता आणि कार्यक्षमतेवर गंभीरपणे प्रभाव पाडणारे संचालकांचा समावेश आहे.,Economics
 बँक रेट म्हणजे काय?, बँक रेट हा दर ज्यावर RBI व्यावसायिक बँक कर्ज देते. पाहुण्यांचा आनंददायी व्यवस्था आहे. सध्या ते वापरत नाही.,Economics
 अल्पावधीत उत्पादन कंपनीची निश्चित किंमत काय आहे?,अल्पावधीत विमा प्रीमियम निश्चित खर्च असतो कारण ते उत्पादनापेक्षा स्वतंत्र असतात.,Economics
 PM-KISAN (PM-KISN) सर्वांतर्गत वार्षिक एकूण उत्पन्न किती आहे?,प्रधानमंत्री शेतकरी सन्मान (पीएम-केआयएस एन) योजना 20 2019. यात सर्व शेतकरी शेतकरी कुटुंबांना काही अपवादांच्या अधीन राहून शेती योग्य जमीन आधारभूत सुरू करण्यात आली होती. स्वतः अंतर्गत रु. प्रति वर्ष 6000 रुपये तीन हप्त्यांमध्ये चालू केले. प्रत्येकी 200 प्रत्येक लाभार्थी बँक खात्यात जमा.,Economics
 भारतीय रिझव्र्ह बँकेकडे व्यावसायिक बँकांनी वैधानिक व्यवहारापेक्षा जास्त रक्कम राखून ठेवली आहे असे म्हणतात काय?,"बँकिंगमध्ये, अतिरिक्त रिझर्व म्हणजे मध्यवर्ती सत्याने निश्चित केलेल्या राखीव गरजेपेक्षा जास्त बँक राखीव. ते आवश्यक रक्कमेपेक्षा जास्त ठेवीव आहेत.",Economics
 काली पूर्णची संकल्पना स्पष्ट करा.,का तुमच्यामध्ये बेकायदेशीर पर्यायांद्वारे कमावलेल्या सर्वांचा समावेश होतो आणि इतर उत्पन्न जे कर उद्देशाने नोंदवले जात नाही.,Economics
" 2016-17 च्या महाराष्ट्र आर्थिक सर्वेक्षणानुसार, कोणत्या राज्याने GSDP मध्ये सर्वाधिक वाढ केली?"," महाराष्ट्राच्या 2016-17 च्या आर्थिक सर्वेक्षणानुसार, GSDP मध्ये सर्वाधिक वाढ झाली आहे.",Economics
 कृषी उत्पन्न पणन समित्यांच्या (एपीएमसी) सरकारमध्ये काय समाविष्ट आहे?,"एपीएमसीच्या कृषी निर्यात क्षेत्र, फलोत्पादन प्रशिक्षण केंद्रे, प्रभावी वितरणासाठी आणि पॅप सुविधांचा समावेश आहे.",Economics
 कोणते क्षेत्र सर्वात मोठे निर्माण करणारे आणि पाण्याचा अर्थ सर्वात मोठे विकास क्षेत्र आहे?, सेवा क्षेत्र हे सर्वोत्कृष्ट निर्माण करणारे आणि याचा अर्थ पाण्यातील सर्वात मोठे विकास क्षेत्र आहे.,Economics
 खाजगी प्रौढ साक्षरता वाढणे कोणत्या नावाने पूर्ण योजना राबता आहे?,"जगभरातील साक्षरता वाढीसाठी 'प्रत्यक्ष एक सूचना', 'साक्ष भारत अभियान' या समोर अभिनव योजना समाजाच्या सहभागाने केल्या जातात.",Economics
परदेशी आपल्या देशात काय गुंतवणुकीला म्हणतात?," विदेशी व्यक्ती (बहुतेक) जेव्हार्ती कंपनी, कॉपोरेशन किंवा एका व्यक्तीने एकत्रित देशच्या मालमत्ता व्यवस्था करते किंवा त्यांच्या राष्ट्रात भागीदारी घेते.",Economics
 गृहनिर्माण क्षेत्राचे उत्पादन होते?," घर्षण गरीबी ही यंत्रण तुटणे, वीज बिघाडाची मालाची कमजोरी, संकटे संपुष्टात आणणारे घटक. घरची गरीबी स्वभावतः तत्पुरती असते.",Economics
 प्रवासी व्यवसाय हमी योजना (EGS) कधी सुरू करण्यात आली?, 28 मार्च 1972 रोजी रोजगार हमी योजना (EGS) सुरू करण्यात आली.,Economics
 अर्थशास्त्रात बेंचमार्किंग म्हणजे काय?," पटाची धोरणे, उत्पादने, कार्यक्रम, रणनीती इतरांच्या गुणवत्तेचे मोजमाप आणि त्यांची मानक मोजमापशी तुलना करणे याला बेंचमार्किंग म्हणतात.",Economics
 फेरा म्हणजे काय आणि ते कधी सुरू करण्यात आले?," 1973 चा परीय चलन नियमन कायदा (FERA) हा परकीय चलन, सिक्युरिटीज, चलनाची आयात आणि निर्यात आणि परकीय अधिकारी मालमत्तेचे संपादन यामधील काही देयकांचे नियम नियम आहे.",Economics
 2023-2024 या आर्थिक वर्षात भारताचा GDP वाढीचा दर किती होता?, भारताचा जीडीपी विकास दर वर्षानुवर्षे 8.15% होता.,Economics
 भारतातील उपभोग राष्ट्रवादी काही उदयोन्मुख ट्रेंडचा उल्लेख करा?,"लक आणि प्रॉमिअल आणि किंमती आणि सेवा वाढवलेला खर्च, गैर-खाद्य वस्तुंकडे वळणे आणि शिक्षण खर्चात घटझ्झा, मात्र शहरी गुण.",Economics
 भारताचा अर्थ रेल्वेचा मुख्य चालक कोणता आहे?, भारताच्या जीडीपीच्या निधीचा ७०% देश वापरतात; देश हा बाजार आहे चौथ्या क्रमांकाचा ग्राहक.,Economics
 भारतीय अर्थ सागरी प्रमुख प्रश्न कोणते आहे?," लोकसंख्येची घनता, दारिद्र, बेरोजगारी, घटस्थापना, खराब शिक्षण आणि कर्जाची समस्या ही भारतीय अर्थाने गंभीर काही प्रमुख आव्हाने आहेत.",Economics
 भारताच्या GDP मध्ये कृषी क्षेत्राचा वाटा किती टक्के आहे?, आर्थिक वर्ष 2024 मध्ये नोंदवल्यानुसार भारताच्या GDP मध्ये कृषी क्षेत्राचा वाटा अंदाजे 17.7% आहे.,Economics
भारताच्या अर्थाचे स्वरूप काय आहे?,"भारत ही मिश्र अर्थव्यवस्था आहे. शेती आणि उद्योगाची अवलंबित्व, कमी दरडोई उत्पन्न, जनता लोकसंख्या, बेरोजगारी, असमानती संपत्ती आणि पायाभूत सुविधांची क्षमता हे त्याचे गुण आहे. बहुसंख्य भारतीय या क्षेत्रामध्ये कार्यरत आहेत, जे देशाच्या आर्थिक विकासाचे प्रतिबिंबित करतात.",Economics
 २००८ च्या आर्थिक संकटाला भारताने उत्तर दिले?,"2008 वार वार आर्थिक संकटाच्या दरम्यान सौम्य आर्थिक आधार भारताने केनेशियन धोरण स्वीकारले. विकास आणि शक्तीला चालना, आर्थिक आणि मौद्रिक प्रोत्साहन उपाय लागू केले. मध्य प्रदेश, आर्थिक विकास पुनरुज्जीवित.",Economics
 २०२४ पर्यंत नाममात्र GDP आणि PPP नुसार एकूण अर्थ भारताचा कसा आहे?, जीडीपी द्वारे भारत पाचव्याची आणि क्रायमात्र नाममात्र समता (पीपीपी) तिसरी सर्वात महत्त्वाचा अर्थशास्त्र आहे.,Economics
 भारतातील बचत बँक खात्यांचे व्याजदर कोणते आहे?,भारत सर्व राष्ट्रीयीकृत व्यावसायिक बँक बचत खात्यावरील व्याजदर व्यवस्थापनासाठी आरबीआय संस्था आहे.,Economics
 काळा पैसा काढून टाकण्याच्या दृष्टीने नोटाबंदीचा यशस्वी दर किती होता?,"झर्झव्ह बँक ऑफ इंडियाच्या 2018 च्या अहवालानुसार ₹15.3 लाख कोटी (छोट्या स्केलवर 15.3 लियन रुपये) नोटाबंदी बँक नोट 15.41 लाख कोटी, किंवा अंदाजे 99.3%, बँकांमध्ये जमा करण्यात आले होते, असे अग्रगण्य ठरले आहे की विश्लेषकांनी म्हटले आहे की काळा पैसा वापरण्याचा प्रयत्न केला जातो. .",Economics