Question,Answer,Domain
1920 मा असहयोग आन्दोलनको सुरुवात संगै कसको मृत्यु भयो?,"१ अगस्ट १९२० मा असहयोग आन्दोलनको घोषणा भयो, सोही दिन बिहानै बाल गंगाधर तिलकको मृत्युको खबर आयो ।",Politics
कुन भारतीय कार्यकर्ता 'लोकहितवादी' भनेर चिनिन्थ्यो?,"रावबहादुर गोपाल हरि देशमुख () जसलाई लोकहितवादी पनि भनिन्छ (१८ फेब्रुअरी १८२३ – ९ अक्टोबर १८९२) महाराष्ट्रका एक भारतीय कार्यकर्ता, विचारक, समाज सुधारक र लेखक थिए।",Politics
भारत के प्रथम राष्ट्रपति र संयुक्त राज्य अमेरिका को प्रथम राष्ट्रपति को थिए?,"राजेन्द्र प्रसाद एक भारतीय राजनीतिज्ञ, वकिल, पत्रकार र विद्वान थिए जसले 1950 देखि 1962 सम्म भारतको पहिलो राष्ट्रपतिको रूपमा सेवा गरे। जर्ज वाशिंगटन (फेब्रुअरी 22, 1732 - 14 डिसेम्बर, 1799) एक अमेरिकी संस्थापक पिता, सैन्य अधिकारी, र राजनीतिज्ञ थिए। 1789 देखि 1797 सम्म संयुक्त राज्य अमेरिका को पहिलो राष्ट्रपति को रूप मा सेवा।",Politics
अब्दुल कलाम को थिए ? संक्षिप्त वर्णन गर्नुहोस्।,"एपीजे अब्दुल कलाम (जन्म अक्टोबर 15, 1931, रामेश्वरम, भारत - मृत्यु जुलाई 27, 2015, शिलङ) एक भारतीय वैज्ञानिक र राजनीतिज्ञ थिए जसले भारतको मिसाइल र आणविक हतियार कार्यक्रमको विकासमा अग्रणी भूमिका खेलेका थिए। उनी सन् २००२ देखि २००७ सम्म भारतको राष्ट्रपति थिए।",Politics
मोदीको पहिलो कार्यकालमा भारतको अर्थमन्त्री को थिए ?,"अरुण जेटली (२८ डिसेम्बर १९५२ - २४ अगस्ट २०१९) एक भारतीय राजनीतिज्ञ र वकिल थिए। भारतीय जनता पार्टीका सदस्य, जेटलीले 2014 देखि 2019 सम्म भारत सरकारको वित्त र कर्पोरेट मामिला मन्त्रीको रूपमा सेवा गरे।",Politics
नरेन्द्र मोदीको शैक्षिक योग्यता के छ ?,"1978 मा, मोदीले दिल्ली विश्वविद्यालयको स्कूल अफ ओपन लर्निङबाट राजनीति विज्ञानमा बीए डिग्री प्राप्त गरे, तेस्रो कक्षामा स्नातक। पाँच वर्ष पछि, 1983 मा, उनले गुजरात विश्वविद्यालयबाट राजनीति विज्ञानमा स्नातकोत्तर डिग्री प्राप्त गरे, बाह्य दूर शिक्षा विद्यार्थीको रूपमा।",Politics
अयोध्याको विवादित संरचना कहिले भत्कियो ? राज्य कस्तो थियो । सरकारले कारवाही गरेको हो ?,६ डिसेम्बर १९९२ मा अयोध्याको विवादित संरचना अर्थात् बाबरी मस्जिद भत्काइयो। उत्तर प्रदेशको भाजपा सरकार बर्खास्त गरियो र उत्तर प्रदेशका मुख्यमन्त्री विरुद्ध सर्वोच्च अदालतमा अदालतको अवहेलनाको मुद्दा दर्ता गरियो।,Politics
संविधानको कुन धाराले भारतको राष्ट्रपतिको निर्वाचनसँग सम्बन्धित छ?,"भारतको संविधानको धारा ५४ अनुसार राष्ट्रपति निर्वाचक मण्डलद्वारा निर्वाचित हुन्छ, जसमा संसदका दुवै सदनका निर्वाचित सदस्यहरू र सबै राज्यका विधान सभाका निर्वाचित सदस्यहरू र दिल्लीको एनसीटी र एनसीटी पनि हुन्छन्। केन्द्र शासित प्रदेश पुडुचेरी।",Politics
महाराष्ट्र मा लोकसभा सीट संख्या कति छ?,"48 लोकसभा सीटहरूको साथ, महाराष्ट्र उत्तर प्रदेश पछि दोस्रो-सबैभन्दा बढी सीटहरू भएको छ, जसमा 80 सीटहरू छन्।",Politics
संविधानको मस्यौदा समितिमा प्रस्तावना कसले पेश गरेका थिए,"प्रस्तावना नेहरू को ""उद्देश्य संकल्प"" मा आधारित छ। जवाहरलाल नेहरूले एक वस्तुनिष्ठ संकल्प प्रस्ताव गरे र त्यो हो जब डा बीआर अम्बेडकरले संविधानको पाठ र प्रस्तावना डिजाइन गरे।",Politics
1973 मा भारतको प्रधानन्यायाधीश कसलाई नियुक्त गरिएको थियो? यो नियुक्ति किन विवादास्पद बन्यो?,"1973 मा, सरकारले तीन न्यायाधीशको वरिष्ठतालाई खारेज गर्यो र न्यायमूर्ति एएन रेलाई भारतको प्रधानन्यायाधीश नियुक्त गर्यो। बर्खास्त गरिएका तीनैजना न्यायाधीशले सरकारको अडानविरुद्धको फैसला गरेका कारण नियुक्ति राजनीतिक रूपमा विवादास्पद बनेको थियो ।",Politics
मार्च 1977 को आम चुनावमा जनता पार्टी र यसको सहयोगीहरूले कति लोकसभा सीटहरू जितेका थिए?,जनता पार्टी र यसका सहयोगीहरूले लोकसभामा ५४२ सिटमध्ये ३३० सिट जितेका छन्। जनता पार्टी आफैंले २९५ सिट जित्यो र स्पष्ट बहुमत प्राप्त गर्यो।,Politics
2024 सम्म महाराष्ट्रको मुख्यमन्त्री को हुनुहुन्छ?,एकनाथ संभाजी शिन्दे एक भारतीय राजनीतिज्ञ हुन् जसले ३० जुन २०२२ देखि महाराष्ट्रको २०औँ र वर्तमान मुख्यमन्त्रीको रूपमा सेवा गरिरहेका छन्। उहाँ फेब्रुअरी २०२३ देखि शिवसेनाको नेता र जुलाई २०२२ देखि महाराष्ट्र विधान सभाको नेताको रूपमा सेवा गर्दै हुनुहुन्छ। ।,Politics
कुन उच्च अदालतले 12 जुन 1975 मा प्रधानमन्त्री इन्दिरा गान्धी विरुद्ध फैसला दियो र उनले लोकसभा 1971 को सदस्यता गुमाए।,"उत्तर प्रदेश राज्य बनाम राज नारायण (1975 AIR 865, 1975 SCR (3) 333) इलाहाबाद उच्च अदालतले 1975 मा सुनुवाइ गरेको मुद्दा थियो जसले भारतकी प्रधानमन्त्री इन्दिरा गान्धीलाई चुनावी दुराचारको दोषी पाएको थियो।",Politics
भारतमा रियासतहरूको एकीकरणमा सरदार पटेलले खेलेको भूमिकाको व्याख्या गर्नुहोस्।,"सरदार पटेल स्वतन्त्रता पछिको महत्त्वपूर्ण अवधिमा भारतको उपप्रधानमन्त्री र गृहमन्त्री थिए। उनले रियासतका शासकहरूसँग दृढ तर कूटनीतिक रूपमा वार्ता गर्न र उनीहरूमध्ये अधिकांशलाई भारतीय संघमा ल्याउन ऐतिहासिक भूमिका खेले। सरदार पटेलले भारतमा रियासतहरूको एकीकरणमा निम्न भूमिका खेलेका थिए: उनले कूटनीति र वार्ताका माध्यमबाट रियासतहरूबाट विलयको पत्र प्राप्त गरे। उनले हैदरावाद, जुनागढ, मणिपुर र कश्मीर राज्यहरूसँग उनीहरूको विलयको लागि बल र अनुनयको प्रयोग गरे।",Politics
1952 को पहिलो आम चुनावमा कांग्रेस पार्टी र भारतीय जनसंघको चुनाव चिन्ह के थियो?,सन् १९५२ को पहिलो आम निर्वाचनमा कांग्रेस पार्टीको चिन्ह गोरुको जोडी र भारतीय जनसंघको प्रतीक दीपक (दीपक) थियो।,Politics
शिवसेनाको मुख्यालय कहाँ छ ?,"शिव सेनाको मुख्यालय र मुख्य कार्यालय थानेमा आनन्द दिघेको घरमा अवस्थित छ। दिघे शिव सेना मुखी नेता (मुख्य नेता) एकनाथ शिन्देका गुरु र गुरु थिए। 24 फेब्रुअरी 2023 मा, शिन्देले उद्धव ठाकरेबाट पार्टीको जिम्मा लिएपछि मुख्यालय शिवसेना भवनबाट सारिएको थियो;[75] जबकि ठाकरेको गुटले शिवसेना भवनमाथि नियन्त्रण राख्यो।",Politics
आफ्नो आधिकारिक झण्डा भएको एक मात्र भारतीय राज्य कुन थियो?,"जम्मू र कश्मीरको राज्य झण्डा 1952 र 2019 को बीचमा भारतको संविधानको अनुच्छेद 370 ले यस क्षेत्रलाई दिइएको विशेष दर्जा अन्तर्गत जम्मु र कश्मीरको पूर्व भारतीय राज्यमा प्रयोग गरिएको प्रतीक थियो। यो एक हलो र राज्य को तीन घटक क्षेत्र को प्रतिनिधित्व संग एक रातो र सेतो झण्डा थियो। अगस्ट 2019 मा धारा 370 को उन्मूलन पछि, यो झण्डाले आफ्नो आधिकारिक हैसियत गुमायो।",Politics
पञ्जाबमा प्रभुत्व जमाउने तीन राजनीतिक दलहरूको सूची बनाउनुहोस्?,"पुनर्गठित वर्तमान पञ्जाबको राजनीतिमा मुख्यतया तीन दलहरू - भारतीय राष्ट्रिय कांग्रेस, आम आदमी पार्टी र शिरोमणि अकाली दल (बादल) को प्रभुत्व रहेको छ।",Politics
2024 सम्म UP को स्वास्थ्य मन्त्री को हुनुहुन्छ?,"जय प्रताप सिंह (जन्म ७ सेप्टेम्बर १९५३) एक भारतीय राजनीतिज्ञ हुन् जसले उत्तर प्रदेश सरकारको योगी आदित्यनाथ मन्त्रालयमा चिकित्सा र स्वास्थ्य, परिवार कल्याण, आमा र बाल कल्याण मन्त्रीको रूपमा सेवा गरिरहेका छन्।",Politics
2024 सम्म MP मा हाल कुन सरकार सत्तामा छ?,"डा. मोहन यादव (जन्म २५ मार्च १९६५) एक भारतीय राजनीतिज्ञ र व्यापारी हुन् जो २०२३ (२०२४ को अनुसार) मध्य प्रदेशको १९ औं र वर्तमान मुख्यमन्त्रीको रूपमा सेवा गरिरहेका छन्। भारतीय जनता पार्टीका सदस्य, उनी २०१३ देखि मध्य प्रदेशको विधान सभा सदस्यको रूपमा उज्जैन दक्षिण निर्वाचन क्षेत्रको प्रतिनिधित्व गर्छन्।",Politics
2007 मा यूपी विधानसभा चुनावको पोल नतिजा के थियो?,बहुजन समाज पार्टीले 403 सिट मध्ये 206 सिट जितेर विधानसभामा पूर्ण बहुमत हासिल गर्यो।,Politics
एम करुणानिधि पहिलो पटक तमिलनाडु विधानसभामा कुन निर्वाचन क्षेत्रबाट निर्वाचित भएका थिए ?,कुलीथलाई,Politics
जसलाई दक्षिण भारतको पहिलो कम्युनिस्ट मानिन्छ,"मलायापुरम सिंगारावेलुलाई दक्षिण भारतको पहिलो कम्युनिस्ट मानिन्छ। 1925 मा, उहाँ भारतीय कम्युनिस्ट पार्टीका संस्थापक पिताहरू मध्ये एक हुनुभयो; र कानपुरमा यसको उद्घाटन सम्मेलनको अध्यक्षता गर्नुभयो। उनी भारतमा पहिलो ट्रेड युनियनको आयोजनका लागि पनि परिचित छन् र 19 औं शताब्दीको भारतमा प्रचलित गम्भीर छुवाछुतको व्याप्ति विरुद्ध लडेका थिए।",Politics
आन्ध्र प्रदेशको सबैभन्दा प्रभावशाली राजनीतिक दलका संस्थापक को थिए?,तेलुगु देशम पार्टी (टीडीपी; तेलुगु ल्याण्डको अनुवाद पार्टी) आन्ध्र प्रदेश र तेलंगाना राज्यहरूमा प्रभाव भएको भारतीय क्षेत्रीय राजनीतिक दल हो। यो तेलुगु चलचित्र स्टार NT रामा राव (NTR) द्वारा 29 मार्च 1982 मा स्थापना गरिएको थियो र यसले तेलुगु मानिसहरूलाई समर्थन गर्नमा ध्यान केन्द्रित गरेको छ।,Politics
कर्नाटकको राजनीतिमा प्रभुत्व जमाउने जाति समूहहरू उल्लेख गर्नुहोस्?,कर्नाटकको राजनैतिक वातावरणमा दुई जातीय समूहहरूको प्रभुत्व रहेको छ - वोक्कालिगासको प्रभुत्व भएको दक्षिणी कर्नाटक र लिंगायतहरूको प्रभुत्व रहेको उत्तर र मध्य कर्नाटकमा तर दलितहरू प्रमुख मतदाता हुन् र कर्नाटकमा सत्तारुढ दलको निर्णायक कारक हुन्।,Politics
भारतको कुन राज्यमा कम्युनिष्टहरूले सत्तामा निर्वाचित गरे?,"केरलाले 1957 मा लोकतान्त्रिक रूपमा कम्युनिष्टहरूलाई सत्तामा निर्वाचित गरेर इतिहास रच्यो, त्यसो गर्ने संसारमा पहिलो हो।",Politics
बिहारमा प्रशासनिक प्रयोजनका लागि कतिवटा डिभिजनहरू छन्?,"प्रशासनिक उद्देश्यका लागि, बिहार राज्यमा नौवटा डिभिजनहरू छन् - पटना, तिरहुत, सारण, दरभंगा, कोसी, पूर्णिया, भागलपुर, मुंगेर र मगध डिभिजन - जुन तिनीहरूको बीचमा ३८ जिल्लाहरूमा विभाजित छन्।",Politics
पश्चिम बंगालमा शरणार्थीहरूको आगमनको परिणाम के भयो?,"1971 को बंगलादेश मुक्ति युद्धले पश्चिम बंगालमा लाखौं शरणार्थीहरूको आगमनको परिणामस्वरूप, यसको पूर्वाधारमा महत्त्वपूर्ण तनाव उत्पन्न गर्यो। अन्तर्राष्ट्रिय सञ्चारमाध्यमहरूले शरणार्थी संकटलाई राम्रोसँग ह्यान्डल गरेकोमा सरकारलाई श्रेय दिइएको थियो।",Politics
2024 को अनुसार पश्चिम बंगालमा प्रमुख राजनीतिक दल कुन हो?,"अखिल भारतीय तृणमूल कांग्रेस पश्चिम बंगालमा हाल शासन गरिरहेको राजनीतिक दल हो। 2011 पश्चिम बंगाल विधान सभा चुनावमा, वाम मोर्चा अखिल भारतीय तृणमूल कांग्रेस द्वारा पराजित भयो जसले पूर्ण बहुमत सिट जित्यो। यसले पश्चिम बंगालमा ३४ वर्षको कम्युनिस्ट शासनको अन्त्यका साथै विश्वको सबैभन्दा लामो समयसम्म लोकतान्त्रिक रूपमा निर्वाचित कम्युनिस्ट सरकारको अन्त्य भयो। तृणमूल कांग्रेसकी नेतृ ममता बनर्जी मुख्यमन्त्री बनिन्।",Politics
ओडिशामा प्रान्तीय विधान सभाको निर्वाचनको लागि कुन कार्यले व्यवस्था गरेको छ?,"भारत सरकार अधिनियम 1935 ले प्रान्तीय विधान सभा र सरकारको चुनावको लागि प्रदान गरेको थियो, र सरकारको प्रमुखलाई प्रधानमन्त्रीको रूपमा तोकिएको थियो।",Politics
गुजरातको पहिलो महिला मुख्यमन्त्री को थिइन् ?,आनन्दीबेन मफतभाई पटेल (जन्म 21 नोभेम्बर 1941) ले गुजरातको पहिलो र एकमात्र (2024 सम्म) महिला मुख्यमन्त्रीको रूपमा सेवा गरिन्।,Politics
2022 गुजरात विधानसभा चुनावमा कुन पार्टीले अत्यधिक बहुमत प्राप्त गर्यो?,"2022 गुजरात विधान सभा चुनावमा, भारतीय जनता पार्टीले 156 सीटहरूको सुपर बहुमत जित्यो, जुन गुजरातको इतिहासमा कुनै पनि पार्टीले जितेको सबैभन्दा धेरै हो। भारतीय राष्ट्रिय कांग्रेस राज्यमा 3 दशकको सबैभन्दा कम गणनामा झरेको छ, र आम आदमी पार्टीले पाँच सिट जितेको छ।",Politics
2012 गोवा चुनावमा कुन पार्टीले भारतीय राष्ट्रिय कांग्रेसलाई पराजित गर्यो?,"२०१२ को चुनावमा, भारतीय जनता पार्टी (बीजेपी) ले गोवामा सीएम दिगम्बर कामतको नेतृत्वमा रहेको भारतीय राष्ट्रिय कांग्रेस सरकारलाई पराजित गर्यो। चुनावमा भाजपा-महाराष्ट्रवादी गोमन्तक गठबन्धनले जितेको थियो जसले ४० सिट भएको विधानसभामा २४ सिट जितेको थियो।",Politics
गुजरातमा कुल कति निर्वाचन क्षेत्रहरू छन्?,182,Politics
महाराष्ट्र नवनिर्माण सेना कसले बनाए?,महाराष्ट्र नवनिर्माण सेना (अनुवाद: महाराष्ट्र सुधार सेना; abbr. MNS) महाराष्ट्र राज्य मा स्थित एक क्षेत्रीयवादी अति-दक्षिण भारतीय राजनीतिक पार्टी हो र हिन्दुत्व र मराठी मानुस को विचारधारा मा संचालित है। [12][13] यो 9 मार्च 2006 मा मुम्बईमा राज ठाकरेले आफ्नो चचेरे भाई उद्धव ठाकरेसँग मतभेदका कारण शिवसेना पार्टी छोडेपछि स्थापना गरेका थिए।,Politics
सामाजिक इतिहासकार बद्री नारायणले पहिचान गरे अनुसार २०१५ बिहार चुनावमा मुख्य कारक के थियो?,"हिन्दुत्व राजनीतिले सामाजिक इतिहासकार बद्री नारायणले राखेको जातीय राजनीतिको सामना गर्नु थियो, जसले २०१५ को राजनीतिक उथलपुथललाई धेरै क्षेत्रीय राजनीतिक दलहरू र नेताहरूले सामना गरेको चुनौतीको एक भागको रूपमा पहिचान गरेका थिए। तिनीहरूका राज्यहरू।",Politics
भारतीय राष्ट्रिय विकास समावेशी गठबन्धन (INDIA) को गठन पछिको प्रेरणा के थियो?,"2014 र 2019 को आम चुनावमा एनडीएलाई पराजित गर्न विपक्षीहरूको असक्षमता पछि, 2024 को आम चुनावमा बीजेपी नेतृत्वको NDA विरुद्ध खडा हुन लगभग सबै प्रमुख राजनीतिक दलहरूको ठूलो गठबन्धनको आवश्यकता थियो।",Politics
२०२३ मा फ्रिडम हाउसले भारतीय लोकतन्त्रको अवस्थालाई कसरी वर्गीकृत गर्‍यो?,"2023 मा फ्रिडम हाउसको फ्रिडम इन द वर्ल्ड रिपोर्टले लगातार तेस्रो वर्ष भारतलाई ""आंशिक रूपमा स्वतन्त्र"" देशको रूपमा वर्गीकृत गर्‍यो।",Politics
निर्वाचन आयोगले कुन कानुन बमोजिम काम गर्छ ?,निर्वाचन आयोगले संविधानको धारा ३२४ र त्यसपछि लागू भएको जनप्रतिनिधित्व ऐनले दिएको अधिकार बमोजिम काम गर्छ ।,Politics
भारत र ब्राजिलको हावापानी तुलना गर्नुहोस्,"1. भारतमा मनसुन प्रकारको हावापानी छ भने ब्राजिलले जलवायुमा धेरै भिन्नताहरू अनुभव गर्दछ। उदाहरणका लागि ब्राजिलमा, भूमध्य रेखा नजिक, हावापानी तातो छ भने मकर राशिको ट्रपिकको नजिक, त्यहाँ समशीतोष्ण प्रकारको हावापानी छ। 2. भारतमा, सूर्यको किरणहरू त्यहाँबाट बग्ने क्यान्सर ट्रपिकसम्म लंबवत हुने भएकाले वर्षभरि औसत तापक्रम बढी हुन्छ, जबकि ब्राजिलमा, भूमध्य रेखाले देशको उत्तरी भागलाई काट्छ जसको परिणाम 25 ""से. देखि 28 सम्म हुन्छ। अमेजन उपत्यकाको औसत तापमान 3. भारतको उत्तरी राज्यहरूमा तापक्रम जाडोमा -40 डिग्री सेल्सियसको अनुभव हुन्छ यसको विपरीत, ब्राजिलको उत्तरी भाग सामान्यतया तातो हुन्छ, जबकि दक्षिणी भागमा, तापमान तुलनात्मक रूपमा कम हुन्छ। ब्राजिलले दक्षिण-पूर्वी व्यापारिक हावा र उत्तर-पूर्व व्यापारिक हावाबाट ओरोग्राफिक प्रकारको वर्षा पाउँछ र ब्राजिलको उत्तरी भागमा हुने वर्षा कन्भेक्शनल प्रकारको हुन्छ। भारतमा गुजरात र राजस्थानका क्षेत्रहरूमा कम वर्षा हुन्छ जबकि ब्राजिलियन हाईल्याण्ड्सको उत्तरपूर्वी भागमा धेरै कम वर्षा हुन्छ। 6. भारतमा, उष्णकटिबंधीय चक्रवातहरू बारम्बार आउँछन् भने यी चक्रवातहरू ब्राजिलमा विरलै आउँछन्।",Geography
नर्मदा उपत्यकामा केन्द्रित बस्तीहरू पाइन्छ,नदीको छेउमा खेतीयोग्य जमिन भएकाले नर्मदा उपत्यकामा केन्द्रित बस्तीहरू पाइन्छ। नर्मदा उपत्यका मुख्यतया गुजरात र मध्य प्रदेशमा अवस्थित छ र नदी नजिकको जमिन धेरै खेतीयोग्य छ।,Geography
सरकारले कृषकको हितमा ल्याएका विभिन्न संस्थागत सुधारका कार्यक्रमहरूलाई सूचीकृत गर्ने ।,"बसोबास ढाँचालाई असर गर्न सक्ने अन्य कारकहरू समावेश छन्: पानीको उपलब्धता, जमिनको ढलान, र जलवायु ढाँचा।",Geography
धानको वृद्धिका लागि आवश्यक पर्ने भौगोलिक अवस्थाको वर्णन गर्नुहोस्।,"भारतमा, नर्मदा उपत्यकाको पठार क्षेत्रमा प्रायः न्यूक्लिटेड बस्तीहरू पाइन्छ।",Geography
भारत विश्वमा ……….. को प्रमुख उत्पादक र निर्यातकर्ता हो।,चिया,Geography
पहेंलो क्रान्तिलाई जनाउँछ,तिलहन उत्पादन बढ्यो।,Geography
धान उत्पादनमा भारत विश्वमा कुन स्थानमा छ ?,दोस्रो,Geography
भारतमा कोइलाको वितरणको वर्णन गर्नुहोस्।,"भारतमा कोइला दुई मुख्य भूवैज्ञानिक युगको चट्टान शृङ्खलाहरूमा पाइन्छ, अर्थात् गोन्डवाना, जुन 200 मिलियन वर्षभन्दा अलि बढी उमेरको छ र लगभग 55 मिलियन वर्ष पुरानो तृतीयक भण्डारहरूमा हुन्छ। गोन्डवाना कोइलाका प्रमुख स्रोतहरू, जुन धातुकर्म कोइला हो, दामोदर उपत्यका (पश्चिम बंगाल-झारखण्ड) मा अवस्थित छन्। झरिया, रानीगञ्ज, बोकारो महत्वपूर्ण कोइला क्षेत्र हुन्। गोदावरी, महानदी, सोन र वर्धा उपत्यकामा पनि कोइलाको भण्डार छ। उत्तरपूर्वी राज्य मेघालय, असम, अरुणाचल प्रदेश र नागाल्याण्डमा तेस्रो कोइलाहरू हुन्छन्। झारखण्ड सबैभन्दा ठूलो उत्पादक हो जहाँ झरिया, बोकारो, करमपुर, पलामु प्रमुख कोइला क्षेत्रहरू हुन्। पश्चिम बंगालमा रानीगञ्ज, जलपाईगुडी र दार्जिलिङ कोइलाखानाहरू हुन्। सरगुजा, बिलासपुर, रायगढ र बस्तर जिल्लाहरू छत्तीसगढमा पाइने कोइला क्षेत्रहरू हुन्। MP को चिनावेयर जिल्लामा कोइला क्षेत्र छ र महाराष्ट्रमा, चंदा मुख्य क्षेत्र हो।",Geography
झारखण्डको कोडरमा गया-हजारीबाग बेल्ट कुन खनिजको प्रमुख उत्पादक हो?,मीका,Geography
भारतको सबैभन्दा पुरानो तेल उत्पादन गर्ने राज्य कुन हो?,असम,Geography
भारतको सबैभन्दा धनी खनिज बेल्ट हो ………………,प्रायद्वीप पठार,Geography
शिरा र लोडबाट प्राप्त हुने खनिजहरू कुन हो?,"टिन, तामा, जस्ता र सीसा जस्ता प्रमुख धातु खनिजहरू शिरा र लोडहरूबाट प्राप्त हुन्छन्।",Geography
चिपको आन्दोलनको उद्देश्य के थियो ?,वन संरक्षण,Geography
कुन वन्यजन्तु संरक्षण ऐनले पहिलो पटक संरक्षित प्रजातिको वनस्पतिको सूचीमा समावेश गरेको छ ?,वन्यजन्तु संरक्षण अधिनियम 1972,Geography
कुन माटो तीव्र लीचिंग द्वारा बनाइन्छ,लेटराइट माटो,Geography
कुन आधारमा औद्योगिक क्षेत्रलाई सार्वजनिक र निजी क्षेत्रमा वर्गीकरण गरिएको छ ?,उद्यमहरूको स्वामित्व,Geography
भारतको म्यानचेस्टर भनेर कुन सहरलाई चिनिन्छ ?,अहमदाबाद,Geography
भारतमा स्टिलको प्रतिव्यक्ति खपत छ,२०२२-२३ को अवधिमा देशमा स्टिल खपत ११९.८९ मेट्रिक टन र प्रतिव्यक्ति स्टिल खपत ८६.७ केजी थियो।,Geography
सिन्धु र गंगा नदीको उद्गम कहाँ हुन्छ ?,"भागीरथी' भनिने गंगाको हेडवाटरलाई गंगोत्री ग्लेशियरले खुवाइन्छ र उत्तरांचलको देवप्रयागमा अलकनन्दले मिल्छ। हरिद्वारमा, गंगा पहाडबाट मैदानमा निस्कन्छ। सिन्धु बाल्टिस्तान र गिलगिट हुँदै बग्छ र अटकको पहाडबाट निस्कन्छ।",Geography
कुन दुई प्रायद्वीपीय नदीहरू खाडलबाट बग्छन्?,"नर्मदा र तापी दुई प्रायद्वीपीय नदीहरू हुन्, जुन कुण्डबाट बग्छ।",Geography
आजका कुन-कुन महादेशहरू गोन्डवाना भूमिको हिस्सा थिए?,"सबैभन्दा पुरानो ल्यान्डमास, (प्रायद्वीप भाग), गोन्डवाना भूमिको एक हिस्सा थियो। गोन्डवाना भूमिमा भारत, अष्ट्रेलिया, दक्षिण अफ्रिका र दक्षिण अमेरिका एक एकल भूमि मासको रूपमा समावेश थियो।",Geography
सबैभन्दा लामो अन्तरराष्ट्रिय सिमाना कुन दुई देशले जोडेका छन् ?,क्यानडा र संयुक्त राज्य अमेरिका,Geography
विश्वको सबैभन्दा सघन जनसंख्या भएको सहर कुन हो ?,"मनिला, फिलिपिन्स",Geography
तलका मध्ये कुन राज्य भारतमा कफीको सबैभन्दा ठूलो उत्पादक हो?,कर्नाटक,Geography
सिरोही पोइन्ट पृथ्वीको कुन कुनामा अवस्थित छ ?,अन्टार्टिका,Geography
भारतको सबैभन्दा ठूलो अन्तरदेशीय नमकीन सिमसार प्रणाली कुन राज्यमा अवस्थित छ?,राजस्थान,Geography
भारतको कुल क्षेत्रफलको कति प्रतिशत भूभाग गंगा नदीले ओगटेको छ ?,26.30%,Geography
अलकनंदा नदी कुन हिमनदीबाट उत्पत्ति भएको हो ?,सतोपन्थ ग्लेशियर,Geography
वुलर ताल कुन नदीले भर्छ ?,झेलम,Geography
व्हीलर आइल्याण्ड कुन टापुको पुरानो नाम थियो?,व्हीलर आइल्याण्ड अब्दुल कलाम टापुको पुरानो नाम थियो। यो ओडिशा को तट मा स्थित छ। रक्षा अनुसन्धान र विकास संगठन (DRDO) को एकीकृत परीक्षण दायरा यस टापुमा अवस्थित छ।,Geography
कश्मीर हरिण पाइने एक मात्र अभयारण्य कुन हो?,दाचीगाम राष्ट्रिय निकुञ्ज एक मात्र अभयारण्य हो जहाँ कश्मीर हरिण पाइन्छ। यो कश्मीर मा स्थित छ।,Geography
बायोस्फियर रिजर्भ कार्यक्रम भारतमा कुन सालमा सुरु भएको थियो?,बायोस्फियर रिजर्भ कार्यक्रम भारतमा सन् १९८६ मा सुरु भएको थियो। भारतमा जम्मा १८ वटा बायोस्फियर रिजर्भहरू छन्।,Geography
कुन प्रकारको चट्टानमा सामान्यतया जीवाश्म पाइन्छ?,"जीवाश्महरू सामान्यतया तलछट चट्टानहरूमा बन्छन्। जब कुनै जीवको मृत्यु हुन्छ र तलछटहरूमा गाडिन्छ, यी तलछटहरू अन्ततः बलियो चट्टानमा कडा हुन्छन् र जीवलाई जीवाश्मको रूपमा संरक्षित गरिन्छ। यो प्रक्रियालाई जीवाश्म भनिन्छ। आग्नेय र मेटामोर्फिक चट्टानहरू तातो वा दबाबबाट बनेका हुन्छन् र यसले जीवाश्महरू नष्ट गर्ने सम्भावना हुन्छ।",Geography
"अक्षांशको सर्कलको अर्को नाम ""मेडिसिन लाइन"" हो?","49 औं समानान्तरलाई मेडिसिन लाइनको उपनाम दिइएको थियो किनभने 1800 को दशकमा अभियानहरूमा अमेरिकी सैनिकहरूलाई यसलाई पार गर्नबाट रोक्न यसको जादुई क्षमताको कारण। ४९ औं समानान्तर उत्तरले युरोप, एसिया, प्रशान्त महासागर, उत्तरी अमेरिका र एट्लान्टिक महासागर पार गर्दछ।",Geography
चिनाब नदीलाई चन्द्रभागा भनेर पनि चिनिन्छ जुन चन्द्रा र भागा नदीको मिलनबाट कुन स्थान नजिकै बनेको हो ?,"चेनाब नदी, जसलाई चन्द्रभागा नदी पनि भनिन्छ, हिमाचल प्रदेशको लाहौल स्पीति जिल्लाको टांडीमा चन्द्र र भागा नदीहरू मिलाएर बनेको हो। चन्द्रा र भागा नदीहरू ४,८९१ मिटरको उचाइमा बरालचा पासको विपरीत दिशाबाट निस्किन्छन्। उनीहरु २ हजार २८६ मिटरको उचाइमा टाँडीमा भेट्छन्।",Geography
कुन ग्रहको दिनको लम्बाइ र यसको अक्षको झुकाव लगभग पृथ्वीको जस्तै छ?,मंगल,Geography
विश्वको सबैभन्दा ठूलो टापु राष्ट्र कुन हो?,"इन्डोनेसिया विश्वको सबैभन्दा ठूलो टापु देश हो किनभने यसको क्षेत्रफल 1,904,569 वर्ग किलोमिटर छ र यसमा 18,307 भन्दा बढी टापुहरू छन्। यो विश्वको सबैभन्दा धेरै जनसंख्या भएको टापु देश पनि हो।",Geography
ठूलो नदीको सहायक नदी भएका उपत्यकाहरूलाई के भनिन्छ?,साइड भ्याली ठूलो नदीको सहायक नदी भएको उपत्यका हो। तिनीहरू पहाडहरू नजिकै उच्च अर्डर उपत्यकाहरू हुन्।,Geography
माबला हिमाल कुन देशमा पर्दछ ?,"माब्ला पर्वतहरू, जसलाई मोन्टी माब्ला पनि भनिन्छ, जिबूतीको ओबोक र ताडजौरा क्षेत्रहरूमा अवस्थित एक पर्वत श्रृंखला हो। यी पहाडहरू, जुन जिबूतीको पाँचौं-उच्च बिन्दु हो, स्थानीय जिबूती स्परफोल र डे फरेस्ट नेश्नल पार्कहरू छन्। यो उच्च भूमि क्षेत्र ताजौराको खाडीको उत्तरी छेउमा अवस्थित छ, तटीय मैदानको पछाडि जहाँ लाल सागर एडनको खाडीसँग मिल्छ।",Geography
सबैभन्दा पहिले वृक्षारोपण कहाँ भयो ?,प्रारम्भिक वृक्षारोपण अफ्रिकाको गिनी तटमा टापुहरूमा 15 औं शताब्दीमा स्थापना भएको हो। उखु उत्पादन गर्न पोर्चुगिजहरूले यहाँबाट उत्तरी ब्राजिलमा यो प्रणाली लगाइएको थियो।,Geography
शनिवार वाडा निर्माणको लागत कति थियो ?,"शनिवारवाडा 1732 मा पूरा भएको थियो, कुल लागतमा। 16,110, त्यो समयमा धेरै ठूलो रकम।",History
छत्रपति शाहु महाराजको शासन कहिले सुरु भयो र कहिले अन्त्य भयो ?,छत्रपति शाहु महाराजको शासन १२ जनवरी १७०८ मा सुरु भई १५ डिसेम्बर १७४९ मा समाप्त भयो।,History
बहमनी सल्तनतको स्थापना कसले गर्यो ?,बहमनी सल्तनत अलाउद्दीन बहमन शाह द्वारा 1347 मा स्थापित भएको थियो।,History
"""गड आला पन सिन्हा गेला"" कसले कसलाई भन्यो?","तानाजी मालुसरेको बलिदानमा किल्ला लिइएको थाहा पाएपछि शिवाजीले ""गड आला, पन सिन्हा गेला"" - ""हामीले किल्ला जित्यौं, तर सिंह हारे"" भन्दै आफ्नो गहिरो आक्रोश प्रकट गरेको भनिन्छ।",History
हेमाडपन्ती मन्दिरको बाहिरी पर्खालको विशेषता के हो ?,हेमाडपन्ती मन्दिरको बाहिरी पर्खालहरू प्रायः ताराको आकारका हुन्छन्। तारा मन्दिर निर्माणमा मन्दिरको बाहिरी पर्खाललाई धेरै कोणमा विभाजन गरिएको छ। त्यसोभए तपाईंले पर्खालहरूमा छायाको सुन्दर प्रभाव र त्यसमा मूर्तिकलाहरू देख्न सक्नुहुन्छ। हेमाडपन्ती मन्दिरहरूको एउटा महत्त्वपूर्ण विशेषता भनेको पर्खालको ढुङ्गा बनाउन चूनाको प्रयोग हुँदैन। पर्खालहरू ढुङ्गाहरू आफैंमा बलियो रूपमा फिट हुने घुमाउरो खाँचो र कप्सको आधारमा बनाइएको छ।,History
किताब-ए-नवरस' पुस्तक कसले लेखेका थिए?,इब्राहिम आदिल शाह द्वितीय 'किताब-ए-नवरास' पुस्तकका लेखक थिए।,History
पहिलो मराठी पत्र 'दर्पण' को सम्पादक को थिए?,"बालशास्त्री जांभेकर, पहिलो मराठी पत्रिका 'दर्पण' को सम्पादकको रूपमा, मराठी पत्रकारितामा पहिलो सम्पादकको रूपमा चिनिन्छ।",History
सन् १९५० मा भारत सरकारले स्थापना गरेको बोर्डमा प्रधानमन्त्री पं. जवाहरलाल नेहरू अध्यक्ष थे?,"1950 मा, भारत सरकारले योजना बोर्ड स्थापना गर्यो। प्रधानमन्त्री पं. जवाहरलाल नेहरू यस बोर्डका अध्यक्ष थिए।",History
राजनीति सम्बन्धी पुस्तक ‘सभानीती’ कुन शासकले प्रकाशित गरेका हुन् ?,"‘सभानीती’ पुस्तक छत्रपति प्रताप सिंह महाराजद्वारा प्रकाशित भएको हो । यो पुस्तक राजनीति, प्रशासन र शक्तिसँग सम्बन्धित विचारका दृष्टिले महत्त्वपूर्ण मानिन्छ।",History
1905 मा 'भारत सेवक समाज' को स्थापना कसले की?,नामदार गोपाल कृष्ण गोखलेले सन् १९०५ मा ‘भारत सेवक समाज’ स्थापना गरेका थिए ।,History
सावरकरको आत्मकथाको नाम के थियो ?,सावरकरले आफ्नो आत्मकथा 'माझी जन्मथेप' मा अण्डमानका ती डरलाग्दो दिनहरूका आफ्ना अनुभवहरू लेखेका छन्।,History
अमलनेर मिल मजदुर युनियनका अध्यक्ष को थिए ?,साने गुरुजी अमलनेर मिल मजदुर संघका अध्यक्ष थिए।,History
राजकोटमा रेड क्रस सोसाइटीको स्थापना कसले गर्यो?,रखमाबाई जनार्दन सेभले राजकोटमा रेड क्रस सोसाइटी स्थापना गरेकी थिइन्।,History
AITUC को पहिलो अधिवेशनको अध्यक्षता कसले गरेका थिए?,AITUC भारतका सबै श्रमिकहरूलाई राष्ट्रिय स्तरमा एकताबद्ध गर्न गठन गरिएको थियो। यसको पहिलो अधिवेशनको अध्यक्ष लाला लाजपत राई थिए ।,History
भारतको अस्थायी सरकार के प्रमुख कौन थे?,स्वतन्त्र भारतको अस्थायी सरकारमा राज्यको प्रमुखको रूपमा सुभाष चन्द्र बोसको नेतृत्वमा मन्त्रिपरिषद् थियो।,History
भारत र पाकिस्तान गरी दुई स्वतन्त्र राष्ट्र बनाउने योजना कसले तयार गर्यो ?,लर्ड माउन्टबेटनले भारत र पाकिस्तानलाई दुई स्वतन्त्र राष्ट्रको रूपमा बनाउने योजना बनाएका थिए।,History
1 मे 1960 मा कुन राज्यको गठन भएको थियो?,महाराष्ट्र,History
पुणेको कुन गान्धी स्मारक संग्रहालयले गान्धीजीको इतिहासको बारेमा जानकारी प्रदान गर्दछ?,"पुणेको आगा खान दरबारमा, हामी महात्मा गान्धीको जीवनको बारेमा जानकारी दिने विभिन्न वस्तुहरू, कागजातहरू देख्न सक्छौं।",History
सन् १४५३ मा ओटोमन टर्क्सले कुन सहरलाई कब्जा गरेको थियो ?,कन्स्टान्टिनोपल (आधुनिक इस्तानबुल) को शहर 1453 मा ओटोमन टर्क्स द्वारा कब्जा गरिएको थियो।,History
अंग्रेजहरूको अवैध व्यापारलाई रोक्न कसले प्रयास गर्‍यो?,मीर जाफर अंग्रेजको समर्थनमा बंगालको नवाब बने तर पछि उनले अंग्रेजको विरुद्धमा विरोध गर्न थाले र त्यसैले उनका ज्वाइँ मीरकासिमलाई नवाब बनाए। मीर कासिमले अंग्रेजहरूको अवैध व्यापारमा प्रतिबन्ध लगाउने प्रयास गरे र यसैले फेरि एक पटक मीर जाफरलाई बंगालको नवाब बनाइयो।,History
1802 मा कुन पेशवाले अंग्रेजहरु संग सैन्य सम्झौता मा हस्ताक्षर गरे?,"बाजीराव द्वितीयले डिसेम्बर ३१, १८०२ मा बासेनको सन्धिमा हस्ताक्षर गरे।",History
जमशेदजी टाटाले टाटा आइरन एण्ड स्टिल कम्पनीको इस्पात उत्पादन कारखाना कुन स्थानमा स्थापना गरेका थिए?,टाटा आयरन एण्ड स्टिल कम्पनी (टिस्को) जमशेदजी टाटाद्वारा स्थापित र दोराबजी टाटाले जमशेदपुरमा स्थापना गरेका थिए।,History
गीतारहस्य पुस्तक कुन लेखकले लेखेका थिए ?,"लोकमान्य बालगंगाधर तिलकले मण्डलेको जेलमा श्रीमद् भगवद् गीता रहस्य लेखेका थिए - भगवद् गीतामा कर्मयोगको विश्लेषण, जुन वेद र उपनिषदहरूको वरदान भनेर चिनिन्छ।",History
जलियाँवाला बाग हत्याकाण्डको विरोधमा रवीन्द्रनाथ टैगोरले सरकारले दिएको कुन उपाधि त्यागे ?,रवीन्द्रनाथ टैगोरलाई 1915 मा राजा जर्ज V द्वारा साहित्यको सेवाको लागि नाइटहुड प्रदान गरिएको थियो। 1919 जलियावाला बाग नरसंहार पछि टैगोरले आफ्नो नाइटहुडको उपाधि त्यागे।,History
"कुन भोसले राष्ट्रपतिले अंग्रेजहरूसँग ""नागपुर सन्धि"" मा हस्ताक्षर गरे?",नागपुर सन्धि १८१६ मा भएको थियो। भोसले अध्यक्ष अप्पा साहेब र बेलायती गभर्नर जनरल लर्ड हेस्टिङ्स बीच।,History
कुन सालमा जनरल वेलेस्लीले अहमदनगर किल्लालाई यस क्षेत्रमा ब्रिटिश शक्तिलाई बढावा दिँदै कब्जा गरेको थियो?,"अहमदनगर फोर्टलाई 1803 मा जनरल वेलेस्लीले कब्जा गरेको थियो, यस क्षेत्रमा ब्रिटिश शक्तिलाई बढावा दिँदै।",History
शिवाजी महाराजको राज्याभिषेक कुन सालमा भएको थियो ?,शिवाजी महाराज 1674 मा राज्याभिषेक भएको थियो।,History
खानदेश क्षेत्र मुगल सम्राट अकबरले कुन वर्ष कब्जा गरेको थियो ?,खानदेश क्षेत्र 1601 मा मुगल सम्राट अकबर द्वारा कब्जा गरिएको थियो।,History
पानीपतको तेस्रो युद्धमा मराठाहरूलाई कसले परास्त गरेका थिए ?,१७६१ मा पानीपतको तेस्रो युद्धमा अहमद शाह अब्दालीको नेतृत्वमा रहेको दुर्रानी साम्राज्यबाट मराठाहरू पराजित भएका थिए।,History
कुन मराठा राजाको दरबारी कविले वीर महाकाव्य शिवभारतको रचना गरेका थिए?,वीर महाकाव्य शिवभारत छत्रपति शिवाजी महाराजको दरबारी कवि द्वारा रचना गरिएको थियो।,History
वडगाउँ सन्धि वा सन्धि कुन युद्धको बीचमा भएको थियो ?,वडगाउँ सम्झौता पहिलो एङ्ग्लो-मराठा युद्धको समयमा सम्पन्न भएको थियो।,History
शेरशाहको पालामा राजस्व लेखा कुन भाषामा थियो ?,शेरशाहको शासनकालमा राजस्व लेखा फारसी र हिन्दवीमा राखिएको थियो।,History
1425 ईस्वीमा गाभिलगढ किल्ला कुन राजाले बनाएका थिए?,गाविलगढ किल्ला अहमद शाह बहमनी द्वारा 1425 ईस्वी मा बनाइएको थियो।,History
"भारत सरकारले अपनाएको राज्य चिन्हमा ""सत्यमेव जयते"" शब्दहरू कुन उपनिषदबाट लिइएको हो?","""सत्यमेव जयते"" शब्दहरू मुण्डक उपनिषदबाट लिइएको हो।",History
मौर्य साम्राज्यको अन्त्य कसरी भयो ?,मौर्य साम्राज्य समाप्त भयो जब अन्तिम मौर्य शासक उनको सेनापति द्वारा मारे।,History
कैलाश मन्दिर कुन गुफामा अवस्थित छ ?,कैलाश मन्दिर एलोरा गुफाहरूमा अवस्थित छ।,History
जवाहरलाल नेहरूको अध्यक्षतामा लाहोर कांग्रेसले 'पूर्ण स्वराज' वा भारतको पूर्ण स्वतन्त्रताको मागलाई कहिले औपचारिक रूप दियो?,डिसेम्बर १९२९ मा लाहोर कांग्रेसमा 'पूर्ण स्वराज' को मागलाई औपचारिक रूप दिइएको थियो।,History
कुन एङ्ग्लो-मराठा युद्धले पेशवाहरूको इलाकालाई बम्बे प्रेसिडेन्सीमा विलय गर्यो?,तेस्रो एङ्ग्लो-मराठा युद्धको परिणामस्वरूप पेशवाहरूको इलाकाहरू बम्बे प्रेसिडेन्सीमा विलय भयो।,History
गान्धी-इरविन सम्झौता भारतको निम्न मध्ये कुन आन्दोलनसँग सम्बन्धित थियो?,गान्धी-इरविन सम्झौता सविनय अवज्ञा आन्दोलनसँग सम्बन्धित थियो।,History
मराठा साम्राज्यको इतिहासमा खर्डाको युद्धको महत्व वर्णन गर्नुहोस्।,खर्डाको युद्ध ११ मार्च १७९५ मा मराठा साम्राज्य र हैदराबादको निजामबीच भएको थियो। मराठाहरूले निर्णायक विजय हासिल गरे। युद्धको रूपमा महत्त्वपूर्ण प्रभाव पार्नेछबेलायतीहरूले मराठा प्रभुत्वलाई गम्भीर रूपमा लिनेछन्।,History
जोयसले युलिसिसमा स्ट्रिम-अफ-चेतना कसरी प्रयोग गर्छिन्?,जोयसले परम्परागत कथा संरचनालाई बेवास्ता गर्दै पात्रहरूको दिमागमा गहिरो खोजी गर्न स्ट्रिम-अफ-चेतनाको प्रयोग गर्दछ।,Literature
ग्रेट ग्याट्सबीमा हरियो बत्तीको महत्त्वको विश्लेषण गर्नुहोस्।,"F. Scott Fitzgerald द्वारा The Great Gatsby मा डेजीको डकको अन्त्यमा रहेको हरियो बत्ती जे ग्याट्सबीको अमर प्रेम, निराशा र अमेरिकी सपनामा पुग्न असक्षमताको प्रतीक हो। कथा ज्याज युगको समयमा न्यूयोर्कमा सेट गरिएको छ।",Literature
Wuthering Heights मा सेटिङले के भूमिका खेल्छ?,"वुथरिङ हाइट्सको सेटिङ र स्थान, प्राय: विश्वासघाती भनेर वर्णन गरिएको, गाढा टोन र उपन्यासमा विचलित प्लट घटनाहरूलाई सुदृढ बनाउँछ। घर आफैंमा विचित्र नक्काशीको साथ एक अलग र जीर्ण ढुङ्गाको हवेली हो। थ्रशक्रस ग्रान्ज, जहाँ उपन्यासका भागहरू हुन्छन्, हाइट्स जस्तै, पृथक छ।",Literature
शेक्सपियरले ह्यामलेटमा लैङ्गिक भूमिकालाई कसरी बदल्छ?,"गर्ट्रुड: रानीको रूपमा, उनले शक्तिको स्थान ओगटेकी छिन्, तर उनको हतारमा पुनर्विवाह र अस्पष्ट चित्रणले शोकित विधवाको आदर्शलाई जटिल बनाउँछ। उनको चरित्रले प्रायः महिलाहरूलाई दिइएको निष्क्रिय भूमिकालाई प्रश्न गर्छ। ओफेलिया: प्रायः एक कमजोर र आज्ञाकारी महिलाको रूपमा चित्रण गर्दा, उनको पागलपन र दुखद अन्त्यमा वंशले महिलाहरूमा पितृसत्तात्मक अवरोधहरूको विनाशकारी प्रभावलाई हाइलाइट गर्दछ। ह्यामलेट: राजकुमार आफैंले परम्परागत रूपमा पुरुष र स्त्री गुणहरूको जटिल अन्तर्क्रिया प्रदर्शन गर्दछ, अनिर्णय, उदास र दार्शनिक चिन्तन सहित, जसले लैंगिक भूमिकाहरूको कठोर सीमाहरूलाई चुनौती दिन्छ। यी पात्रहरू मार्फत, शेक्सपियरले एलिजाबेथन समाजमा लिङ्ग र यसको जटिलताहरूको सूक्ष्म अन्वेषण प्रदान गर्दछ।",Literature
लर्ड अफ द फ्लाइजमा आँखाको प्रतीकात्मकताको विश्लेषण गर्नुहोस्।,"लर्ड अफ द फ्लाइजको सन्देशले मानव प्रकृतिमा रहेको द्विविधासँग सम्बन्धित छ जसले मानिसहरूलाई सभ्य, संगठित र शान्तिपूर्ण, तर अराजकतावादी, हिंसात्मक र बर्बर पनि बनाउँछ। केटाहरू सहकारी र सिभिलको रूपमा सुरु हुन्छन्, तर तिनीहरू टापुमा आफ्नो समयमा विकसित हुन्छन्, र धेरैजसो बर्बर र अराजकतावादी हुन्छन्।",Literature
लोलितामा अविश्वसनीय कथाकारको अवधारणाको बारेमा चर्चा गर्नुहोस्।,"एक अविश्वसनीय कथाकारको रूपमा हम्बर्टले पाठकलाई प्रभाव पार्ने प्रयासमा विभिन्न तरिकाहरू प्रयोग गर्दछ। धेरै उदाहरणहरूमा आफ्नो पागलपनलाई ओभरप्ले गर्दै, उसले स्पष्ट रूपमा आफ्नो जीवनमा नियन्त्रण गुमाएको भावना व्यक्त गर्ने प्रयास गर्दछ र यसरी जिम्मेवारीबाट टाढा रहन्छ।",Literature
टमले आफ्नो कान पछाडी धोएको छ कि छैन भनेर परीक्षण गर्न आन्ट पोलीले के प्रयोग गर्छिन्?,टमले आफ्नो कान पछाडी धोएको छ कि छैन भनेर परीक्षण गर्न आन्ट पोलीले भिजेको तौलिया प्रयोग गर्छिन्।,Literature
Injun Joe ले डा. रोबिन्सनलाई के गर्छ?,"तीन जना मानिसहरु बीचको झगडा पछि, जसमा मफ पोटर बेहोस हुन्छ, इन्जुन जोले डा. रोबिन्सनलाई मफको चक्कुले प्रहार गर्दछ। हक र टम भाग्छन् र इन्जुन जोले नशेको मफलाई उनी हत्यारा हो भनेर विश्वस्त पार्छन्।",Literature
ह्यामलेटको बुबाको मृत्यु कसरी भयो?,"म तिम्रो बुबाको आत्मा हुँ,' भूतले ह्यामलेटलाई भन्यो। यसले उसलाई बताउँछ कि ह्यामलेटको बुबा प्राकृतिक रूपमा मरेका थिएनन्, तर उनको भाइ क्लाउडियसले हत्या गरेका थिए। जब राजा सुते, क्लाउडियसले उनको कानमा विष हालिदिए, जसले राजाको पीडादायी मृत्यु भयो। भूतले ह्यामलेटलाई आफ्नो बुबाको हत्या गरेको क्लाउडियससँग बदला लिन भन्छ।",Literature
एक आकृति र प्रतीक बीच के भिन्नता छ?,आकृतिहरू कथा भर दोहोरिनु पर्छ; प्रतीकहरू एक पटक मात्र देखा पर्न सक्छन्,Literature
"शब्द ""नाटकीय विडंबना"" परिभाषित गर्नुहोस्।","नाटकीय विडंबना भनेको विडम्बनाको एक रूप हो जुन कामको संरचना मार्फत अभिव्यक्त हुन्छ: कार्यका पात्रहरू अवस्थित पात्रहरूको भन्दा धेरै फरक हुने अवस्थाको दर्शकको जागरूकता, र त्यसैले पात्रहरूको शब्द र कार्यले फरक लिन्छ- अक्सर विरोधाभासी - दर्शकहरु को लागी काम को क्यारेक्टरहरु को लागी भन्दा उनीहरु को लागी अर्थ।",Literature
Bildungsroman विधा को महत्व के छ?,"साहित्यिक समालोचनामा, बिल्डुङ्स्रोमन एक साहित्यिक विधा हो जसले बाल्यकालदेखि वयस्कता (उमेरको आगमन) सम्म नायकको मनोवैज्ञानिक र नैतिक विकासमा केन्द्रित हुन्छ,[१] जसमा चरित्र परिवर्तन महत्त्वपूर्ण हुन्छ।",Literature
साहित्यिक कार्यको वातावरणमा सेटिङले कसरी योगदान पुर्‍याउँछ?,"कथाको मूडलाई आकार दिन सेटिङले पनि ठूलो भूमिका खेल्न सक्छ। उदाहरणका लागि, अँध्यारो र उदास सेटिंगले असहज र तनावको भावना सिर्जना गर्न सक्छ, जबकि घमाइलो र हर्षित सेटिंगले शान्ति र आनन्दको भावना सिर्जना गर्न सक्छ।",Literature
"""चेतनाको धारा"" कथन को अवधारणा को व्याख्या गर्नुहोस्।",चेतनाको स्ट्रिम एक कथा शैली हो जसले चरित्रको विचार प्रक्रियालाई यथार्थपरक तरिकामा कैद गर्ने प्रयास गर्दछ।,Literature
साहित्यमा अविश्वसनीय कथाकारको भूमिका के हो?,एक अविश्वसनीय कथाकार एक कथाकार हो जसको कथा पूर्णतया विश्वास गर्न सकिदैन। कहिलेकाहीँ एक अविश्वसनीय कथाकारले पाठकको जानकारीलाई सचेत रूपमा रोक्छ वा भ्रमित गर्न खोज्छ; अन्य समयमा एक कथाकारको अविश्वसनीयता तिनीहरूको नियन्त्रण बाहिर छ।,Literature
अन्तरपाठ्यताले साहित्यिक कार्यलाई कसरी समृद्ध बनाउँछ?,"लेखकहरूले आलोचनात्मक वा अतिरिक्त अर्थ सिर्जना गर्न, बिन्दु बनाउन, हास्य सिर्जना गर्न, वा मौलिक कार्यको पुन: व्याख्या गर्न पनि अन्तरपाठ्यता प्रयोग गर्न सक्छन्।",Literature
"शब्द ""पन्नी वर्ण"" परिभाषित गर्नुहोस्।","एक पन्नी चरित्र एक साहित्यिक तत्व हो जुन मुख्य चरित्र, वा नायकको विपरीतको रूपमा कार्य गर्दछ।",Literature
ट्राजेडी र कमेडीमा के फरक छ ?,कमेडी सुखद अन्त्य भएको हास्यपूर्ण कथा हो भने दुःखद अन्त्य भएको गम्भीर कथा हो ।,Literature
"नाटकीय साहित्यमा ""क्याथार्सिस"" को अवधारणा व्याख्या गर्नुहोस्।",क्याथर्सिस कलाको माध्यमबाट बलियो वा पेन्ट-अप भावनाहरू जारी गर्ने प्रक्रिया हो,Literature
कथामा पूर्वचित्रण गर्नुको उद्देश्य के हो?,"पूर्वचित्रण एउटा कथानक तत्व हो जसले कथामा पछि आउने कुरालाई संकेत गर्छ। लिखित रूपमा पूर्वचित्रण प्रयोग गर्ने धेरै कारणहरू छन्, सस्पेन्स निर्माण गर्ने, जिज्ञासा जगाउने, र तपाईंको पाठकलाई त्यो ""अहा"" क्षणको लागि तयार गर्ने सहित।",Literature
कवितामा विशिष्ट प्रभाव सिर्जना गर्न अनुप्रयोग कसरी गरिन्छ?,"अनुमोदन भनेको क्रमशः शब्दहरूको शृङ्खलाको सुरुमा एउटै ध्वनिको दोहोरिने हो जसको उद्देश्य श्रव्य पल्स प्रदान गर्नु हो जसले लेखनको टुक्रालाई लुलिंग, लिरिकल, र/वा भावनात्मक प्रभाव दिन्छ।",Literature
सनेटको संरचना व्याख्या गर्नुहोस्,अंग्रेजी सनेटहरू सामान्यतया तीन क्वाट्रेनहरू (4-लाइन श्लोकहरू) द्वारा बनाइन्छ र त्यसपछि एक rhyming जोडी,Literature
"शब्द ""व्यक्तिकरण"" परिभाषित गर्नुहोस्।","व्यक्तित्वलाई ""साहित्यिक वा कलात्मक प्रभावको रूपमा चीजहरू, अमूर्त विचारहरू, इत्यादिमा मानव विशेषताहरूको एट्रिब्युसन"" र ""व्यक्ति, प्राणी, आदिको रूपमा अमूर्त गुण वा विचारको प्रतिनिधित्वको रूपमा परिभाषित गरिएको छ। कला र साहित्यमा""",Literature
"""भारतीय अंग्रेजी साहित्य का पिता"" कसलाई मानिन्छ?",मुल्कराज आनन्द,Literature
वाल्मीकिद्वारा लिखित महाकाव्यको नाम दिनुहोस्।,रामायण,Literature
भारतीय साहित्यमा भक्ति आन्दोलनको महत्त्व के छ?,"सबै विभिन्न हिन्दू देवताहरूको एकता, ईश्वरमा आत्मसमर्पण, सबै मानिसहरूको समानता र भाइचारा र ईश्वरप्रति भक्तिलाई जीवनको पहिलो प्राथमिकतामा जोड दिए।",Literature
साहित्यमा नोबेल पुरस्कार कुन भारतीय लेखकले पाए?,रवीन्द्रनाथ टैगोर नोबेल पुरस्कार पाउने भारत र एशियाबाट पहिलो व्यक्ति बने।,Literature
"रवीन्द्रनाथ टैगोरको ""गीताञ्जली"" को केन्द्रीय विषयवस्तु के हो?",रहस्यवाद,Literature
"मराठी साहित्यमा ""बखर"" विधाको महत्त्व के छ?",मराठा शासक छत्रपति शिवाजी महाराजको कर्मको वर्णन गर्दै।,Literature
आफ्नो देशभक्ति र सामाजिक विषयवस्तुहरूको लागि प्रसिद्ध मराठी कविको नाम दिनुहोस्।,फकिर चन्द भारती,Literature
कुन मराठी उपन्यासले ब्रिटिस राजको सामाजिक र राजनीतिक मुद्दाहरूको खोजी गर्छ?,रामधारी,Literature
"मराठी उपन्यास ""मानिनी"" को लेखक को हुन?",एनएस फडके,Literature
"रवीन्द्रनाथ टैगोरको बंगाली उपन्यास ""गोरा"" को मुख्य विषयवस्तु के हो?","राष्ट्रियता, पहिचान र सामाजिक सुधार।",Literature
"तमिल उपन्यास ""सिलप्पाधिकारम"" को लेखक को हुन?",इलांगो अडिगल,Literature
प्रकृति र अध्यात्मका कामहरूका लागि प्रसिद्ध मलयालम कविको नाम दिनुहोस्।,सुगाथाकुमारी,Literature
"हिन्दी साहित्यमा ""प्रेमचन्द युग"" को महत्त्व के छ?","प्रेमचन्दका कार्यहरूले दलित, महिला र किसानहरू जस्ता सीमान्तकृत समूहहरूले सामना गरेका संघर्ष र कठिनाइहरूलाई चित्रण गर्दछ, राष्ट्रिय समस्याहरूको समाधानको लागि सामाजिक सद्भावको आवश्यकतालाई जोड दिन्छ।",Literature
"कन्नड उपन्यास ""वंशवृक्ष"" को लेखक को हुन?",एसएल भैरप्पा,Literature
साहित्यमा भारतीय नयाँ लहर आन्दोलनको महत्त्व के हो?,"न्यू वेभ भन्दा पहिले, लोकप्रिय हिन्दी सिनेमाले प्रायः हिन्दी साहित्यलाई पूर्णतया बेवास्ता गरेको थियो, यसको सट्टा हाइब्रिड, काव्यात्मक भाषाको लागि उर्दूमा फर्कियो जसमा यसले प्रेम, विश्वास र न्यायको कुरा गर्‍यो। भारतीय नयाँ लहरले साहित्यिक हिन्दीको संस्कृत नवविज्ञानलाई पहिलो पटक सिनेमाघरहरूमा ल्यायो।",Literature
"अरुन्धती रोयको उपन्यास ""द गॉड अफ स्मॉल थिंग्स"" को विषयवस्तु के हो?","अरुन्धती रोयको द गॉड अफ स्माल थिंग्स भारतका दुई भ्रातृ जुम्ल्याहा बच्चाहरूको बारेमा हो जसको जीवन तिनीहरूको विगतमा दुःखद घटनाहरूद्वारा निर्देशित छ। महत्त्वपूर्ण विषयवस्तुहरूमा परिवार, वफादारी, निषेधित प्रेम, उपनिवेशवाद/उत्तर-औपनिवेशिकता, शिक्षा भेदभाव, र सामाजिक वर्ग असमानता समावेश छ।",Literature
भारतमा दलित साहित्य आन्दोलनको महत्व के छ ?,दलित साहित्यले भारतीय समाजको जातीय ढाँचा भित्र दलित समुदायको मार्मिक सामाजिक र राजनीतिक अनुभवहरू अभिव्यक्त गर्न एक शक्तिशाली माध्यमको रूपमा काम गर्दछ। यसले दलितहरूको जीवनलाई आकार दिने असंख्य सामाजिक कारकहरू र दलित र गैर-दलित समुदायहरूसँग उनीहरूको अन्तरक्रियामा प्रकाश पार्छ।,Literature
GDP परिभाषित गर्नुहोस्। कल्याणकारी उपायको रूपमा यसको घटक र सीमितताहरू व्याख्या गर्नुहोस्।,"GDP भनेको सकल घरेलु उत्पादन हो। यो एक निश्चित अवधि भित्र, सामान्यतया वार्षिक वा त्रैमासिक भित्र देशको सिमाना भित्र उत्पादन गरिएका सबै वस्तु र सेवाहरूको कुल मूल्यको मापन हो। कल्याणले समाज भित्र व्यक्तिहरूको समग्र कल्याण र जीवनको गुणस्तरलाई बुझाउँछ।",Economics
मुद्रास्फीतिको कारण के हो? यसको प्रभाव र नीति प्रतिक्रियाहरू छलफल गर्नुहोस्।,"अधिक रोजगारी र उच्च ज्यालाले घरायसी आम्दानी बढाउँछ र उपभोक्ता खर्चमा वृद्धि हुन्छ, थप समग्र माग र फर्महरूको लागि तिनीहरूको वस्तु र सेवाहरूको मूल्य बढाउने दायरा बढ्छ। जब यो ठूलो संख्यामा व्यवसाय र क्षेत्रहरूमा हुन्छ, यसले मुद्रास्फीतिमा वृद्धि हुन्छ।",Economics
"बेरोजगारी परिभाषित गर्नुहोस्। यसको प्रकार, कारण, र नीति समाधानहरू विश्लेषण गर्नुहोस्।","बेरोजगारी तब हुन्छ जब काम गर्न चाहने कामदारहरूले काम पाउन असमर्थ हुन्छन्। बेरोजगारीको उच्च दरले आर्थिक संकटको संकेत गर्छ जबकि बेरोजगारीको अत्यन्त न्यून दरले अर्थतन्त्रलाई तातेको संकेत गर्न सक्छ। बेरोजगारीलाई घर्षण, चक्रीय, संरचनात्मक वा संस्थागत रूपमा वर्गीकृत गर्न सकिन्छ।",Economics
भुक्तानी सन्तुलन व्याख्या गर्नुहोस्। यसको कम्पोनेन्ट र यसलाई असर गर्ने कारकहरू छलफल गर्नुहोस्।,"भुक्तानी सन्तुलन (BOP) एक विधि हो जुन देशहरूले निश्चित अवधि भित्र सबै अन्तर्राष्ट्रिय मौद्रिक लेनदेनहरू मापन गर्दछ। BOP मा तीन मुख्य खाताहरू हुन्छन्: चालु खाता, पूंजी खाता, र वित्तीय खाता।",Economics
वित्तीय नीति के हो? स्थिरीकरणमा यसको उपकरण र प्रभावकारिता व्याख्या गर्नुहोस्,"वित्तीय नीतिले सार्वजनिक खर्च, कर र सार्वजनिक ऋणको सम्बन्धमा सरकारी नीतिलाई जनाउँछ। यो एक माध्यम हो जसको माध्यमबाट सरकारले आफ्नो खर्च स्तर र कर दरहरू एक राष्ट्रको अर्थतन्त्रलाई निगरानी र प्रभाव पार्न समायोजन गर्दछ।",Economics
लोच परिभाषित गर्नुहोस्। आर्थिक निर्णयहरूमा यसको प्रकार र महत्त्व व्याख्या गर्नुहोस्।,लोच एक आर्थिक अवधारणा हो जुन सामान वा सेवाको मूल्य आन्दोलनको सम्बन्धमा सामान वा सेवाको माग गरिएको कुल मात्रामा परिवर्तन मापन गर्न प्रयोग गरिन्छ। कुनै वस्तुको मूल्य बढ्दा वा घट्दा त्यसको परिमाणको माग समानुपातिक रूपमा परिवर्तन भयो भने त्यसलाई लोचदार मानिन्छ।,Economics
उत्तम प्रतिस्पर्धा व्याख्या गर्नुहोस्। छोटो अवधि र दीर्घकालीन सन्तुलनको विश्लेषण गर्नुहोस्।,"छोटो अवधिमा, सन्तुलन माग द्वारा प्रभावित हुनेछ। दीर्घकालीन रूपमा, उत्पादनको माग र आपूर्ति दुवैले पूर्ण प्रतिस्पर्धामा सन्तुलनलाई असर गर्नेछ। फर्मले सन्तुलन बिन्दुमा लामो समयसम्म सामान्य नाफा मात्र प्राप्त गर्नेछ।",Economics
"एकाधिकार परिभाषित गर्नुहोस्। यसको विशेषताहरू, मूल्य निर्धारण, र सामाजिक लागतहरू व्याख्या गर्नुहोस्।","मोनोपोली एक प्रकारको बजार संरचना हो जसमा एकल कम्पनी र यसको सामान र सेवाहरू सधैं बजारमा हावी हुन्छन्। एकाधिकार बजारका केही प्रमुख विशेषताहरूमा एकल बिक्रेताको उपस्थिति, उच्च प्रवेश अवरोध, मूल्य स्थिर माग, र विकल्पको अभाव समावेश छ।",Economics
oligopoly को परिभाषित गर्नुहोस्। यसको विशेषताहरू र मूल्य निर्धारण रणनीतिहरू व्याख्या गर्नुहोस्।,"एक ओलिगोपोली भनेको केहि कम्पनीहरूले दिइएको बजारमा महत्त्वपूर्ण नियन्त्रण प्रयोग गर्नु हो। सँगै, यी कम्पनीहरूले एकअर्कासँग मिलेर मूल्यहरू नियन्त्रण गर्न सक्छन्, अन्ततः बजारमा अप्रतिस्पर्धी मूल्यहरू प्रदान गर्दछ।",Economics
बाह्यताहरू के हुन्? सकारात्मक र नकारात्मक बाह्यताहरू र तिनीहरूको प्रभावहरू बीचको भिन्नता गर्नुहोस्।,"आर्थिक लेनदेनको अप्रत्यक्ष प्रभाव जसले लेनदेनमा प्रत्यक्ष संलग्न नभएका मानिसहरूलाई असर गर्छ। एक नकारात्मक बाह्यता तब हुन्छ जब लागत बढ्छ। एक सकारात्मक बाह्यता तब हुन्छ जब लाभ फैलिन्छ। त्यसोभए, बाह्यताहरू तब हुन्छन् जब लेनदेनको केही लागत वा फाइदाहरू उत्पादक वा उपभोक्ता बाहेक अरू कसैमा पर्छन्।",Economics
"कुन शहरलाई यसको अटोमोबाइल उद्योगको लागि ""भारतको डेट्रोइट"" भनिन्छ?","चेन्नईलाई ""एशियाको डेट्रोइट"" (वा ""भारतको डेट्रोइट"") उपनाम दिइएको छ। यो सहर वरिपरि प्रमुख अटोमोबाइल उत्पादन एकाइहरू र सम्बद्ध उद्योगहरूको उपस्थितिको कारण हो। संयुक्त राज्य अमेरिकामा अधिकांश अटोमोबाइल उत्पादन उद्योगहरू संयुक्त राज्य अमेरिका वरपर छन्।",Economics
Ad Valorem कर के को लागी लागू हुन्छ?,वस्तुको मूल्य,Economics
अग्रणी बैंक योजना कुन गहन विकासलाई अपनाउन अन्तिम रूप दिइएको थियो?,कृषक समुदायलाई सहयोग पुर्याउने उद्देश्यका साथ गाउँ स्तरमा तयारी अवलम्बन गर्न नेतृत्व बैंक योजनालाई अन्तिम रूप दिइयो।,Economics
योजना आयोगको स्थापना कुन सालमा भएको हो ?,"भारतले 1950 मा योजना आयोगको स्थापना गर्‍यो, जसमा स्रोत विनियोजन, कार्यान्वयन र पञ्चवर्षीय योजनाहरूको मूल्याङ्कन सहित योजनाको सम्पूर्ण दायराको निरीक्षण गर्न सकिन्छ। पञ्चवर्षीय योजनाको अवधारणा सोभियत संघबाट आएको हो ।",Economics
भारतमा सबैभन्दा बढी कुल राज्य घरेलु उत्पादन (GSDP) भएको राज्य कुन हो?,राज्य र केन्द्र शासित प्रदेशहरू मध्ये महाराष्ट्रमा सबैभन्दा बढी GSDP छ। यसले हालको मूल्यहरूमा कुल भारतको कुल GDP को 14.11% योगदान गर्दछ त्यसपछि तमिलनाडु (8.55%)।,Economics
विद्यालय शिक्षा गुणस्तर सूचकाङ्क कुन संस्थाले ल्याएको हो ?,नीति आयोगले विद्यालय शिक्षा गुणस्तर सूचकांक (SEQI) सुरु गरेको छ। SEQI ले विद्यालय शिक्षा क्षेत्रको समग्र प्रभावकारिता र दक्षतालाई आलोचनात्मक रूपमा प्रभाव पार्ने सूचकहरूको सेट समावेश गर्दछ।,Economics
बैंक दर के हो?,बैंक दर भनेको वाणिज्य बैंकहरूलाई आरबीआईले ऋण दिने दर हो। यो बजारमा पैसा आपूर्ति व्यवस्थापन गर्न उपकरण हो। हाल यो प्रयोगमा छैन।,Economics
छोटो अवधिमा उत्पादन गर्ने फर्मको लागि निश्चित लागत के हो?,छोटो अवधिमा बीमा प्रिमियम निश्चित लागतहरू हुन् किनभने तिनीहरू उत्पादन स्तरबाट स्वतन्त्र हुन्छन्।,Economics
प्रधान मंत्री किसान सम्मान निधि (PM-KISAN) योजना अन्तर्गत वार्षिक रूपमा उपलब्ध गराइने कुल आय सहायता के हो?,"प्रधान मन्त्री किसान सम्मान निधि (PM-KISAN) योजना केही बहिष्करणहरूको अधीनमा, कृषि योग्य भूमि भएका देशभरका सबै भूमि मालिक किसान परिवारहरूलाई आय समर्थन प्रदान गर्न 2019 मा सुरु गरिएको थियो। योजना अन्तर्गत रु. प्रति वर्ष 6000 रु तीन किस्तामा जारी गरिन्छ। प्रत्येक लाभार्थीहरूको बैंक खातामा सीधा 2000।",Economics
वाणिज्य बैंकहरूले भारतीय रिजर्भ बैंकसँग वैधानिक न्यूनतमभन्दा माथि राखेका भण्डारहरूलाई के भनिन्छ?,"बैंकिङमा, अतिरिक्त रिजर्भ भनेको केन्द्रीय बैंकले तोकेको रिजर्भ आवश्यकताभन्दा बढीको बैंक रिजर्भ हो। तिनीहरू आवश्यक रकमभन्दा बढी नगदको भण्डार हुन्।",Economics
कालो धन को अवधारणा व्याख्या गर्नुहोस्।,कालो धनमा गैरकानूनी गतिविधि मार्फत कमाइएका सबै कोषहरू र अन्यथा कानुनी आम्दानी समावेश हुन्छ जुन कर उद्देश्यका लागि रेकर्ड गरिएको छैन।,Economics
"2016-17 को लागि महाराष्ट्र को आर्थिक सर्वेक्षण अनुसार, कुन राज्य को GSDP को उच्चतम वृद्धि थियो?","2016-17 को लागि महाराष्ट्र को आर्थिक सर्वेक्षण अनुसार, महाराष्ट्र को GSDP को उच्चतम वृद्धि थियो।",Economics
कृषि उत्पादन बजार समिति (APMC) को स्थापनामा के समावेश छ?,"एपीएमसी स्थापनामा प्रभावकारी वितरणको लागि कृषि निर्यात क्षेत्र, बागवानी तालिम केन्द्र, ग्रेडिङ र प्याकिङ सुविधाको स्थापना समावेश छ।",Economics
अर्थतन्त्रको सबैभन्दा ठूलो रोजगारी सृजना गर्ने र तीव्र गतिमा वृद्धि हुने क्षेत्र कुन हो ?,सेवा क्षेत्र सबैभन्दा ठूलो रोजगारी सृजना गर्ने र अर्थतन्त्रको सबैभन्दा द्रुत बृद्धि हुने क्षेत्र हो ।,Economics
महाराष्ट्रमा वयस्क साक्षरता बढाउन कस्ता नवीन योजनाहरू लागू गरियो?,"राज्यमा वयस्क साक्षरता बढाउनको लागि सामुदायिक सहभागितामा 'प्रत्येक एक सिकाउनुहोस्', र 'साक्षर भारत अभियान' जस्ता अभिनव योजनाहरू लागू गरिएको छ।",Economics
हाम्रो देशमा विदेशी कम्पनीले गरेको लगानीलाई के भनिन्छ ?,"विदेशी प्रत्यक्ष लगानी (FDI) तब हुन्छ जब एक कम्पनी, बहुराष्ट्रिय निगम वा एक देशको व्यक्तिले अर्को देशको सम्पत्तिमा लगानी गर्दछ वा यसको कम्पनीहरूमा स्वामित्व हिस्सेदारी लिन्छ।",Economics
घर्षण रोजगारीको कारण के हो?,"घर्षण बेरोजगारी मेसिनरी बिग्रने, बिजुलीको विफलता, कच्चा पदार्थको अभाव, मजदुरहरूको हड्ताल आदिका कारण उत्पन्न हुन्छ। घर्षण बेरोजगारी स्वभावतः अस्थायी हो।",Economics
महाराष्ट्रमा रोजगार ग्यारेन्टी योजना (EGS) कहिले लागू भएको थियो?,"रोजगार ग्यारेन्टी योजना (EGS) 28 मार्च, 1972 मा पेश गरिएको थियो।",Economics
अर्थशास्त्र मा बेन्चमार्किंग के हो?,"संस्थाको नीति, उत्पादन, कार्यक्रम, रणनीति आदिको गुणस्तरको मापन र मानक मापनसँग तिनीहरूको तुलनालाई बेन्चमार्किङ भनिन्छ।",Economics
FERA भनेको के हो र कहिले ल्याइयो?,"1973 को विदेशी मुद्रा नियमन ऐन (FERA) विदेशी मुद्रा, धितो, मुद्रा को आयात र निर्यात र विदेशीहरु द्वारा अचल सम्पत्ति को अधिग्रहण मा केहि भुक्तानी को नियमन को लागी एक अधिनियम हो।",Economics
आर्थिक वर्ष 2023-2024 मा भारतको GDP वृद्धि दर कति थियो?,भारतको जीडीपी वृद्धि दर 8.15% वर्ष-दर-वर्ष थियो।,Economics
भारतमा उपभोग ढाँचामा केही उदीयमान प्रवृत्तिहरू संक्षिप्त रूपमा उल्लेख गर्नुहोस्?,"विलासिता र प्रिमियम सामान र सेवाहरूमा बढेको खर्च, गैर-खाद्य वस्तुहरूमा परिवर्तन, र विशेष गरी शहरी क्षेत्रहरूमा शिक्षामा खर्चमा कमी।",Economics
भारतको अर्थतन्त्रको मुख्य चालक के हो?,भारतको कुल गार्हस्थ्य उत्पादनको लगभग ७०% घरेलु उपभोगबाट संचालित छ; देश विश्वको चौथो ठूलो उपभोक्ता बजार बनेको छ।,Economics
भारतीय अर्थतन्त्रका लागि प्रमुख चुनौती कुन हो?,"जनसंख्या घनत्व, गरिबी समस्या, बेरोजगारी, भुक्तान ह्रास, कमजोर शिक्षा, र निजी ऋण भारतीय अर्थतन्त्रले सामना गर्ने केही प्रमुख चुनौतीहरू हुन्।",Economics
भारतको GDP को कति प्रतिशत कृषिले ओगटेको छ?,FY 2024 मा रेकर्ड गरिए अनुसार भारतको GDP मा कृषिको योगदान लगभग 17.7% छ।,Economics
भारतको अर्थतन्त्रको प्रकृति कस्तो छ ?,"भारत मिश्रित अर्थतन्त्र हो। यो कृषि र उद्योगमा निर्भरता, कम प्रतिव्यक्ति आय, ठूलो जनसंख्या, बेरोजगारी, असमान सम्पत्ति वितरण, र पूर्वाधार कमजोरी द्वारा विशेषता हो। अधिकांश भारतीय श्रमशक्ति यी क्षेत्रहरूमा कार्यरत छन्, जसले देशको आर्थिक विकासको अवस्थालाई झल्काउँछ।",Economics
2008 को विश्वव्यापी वित्तीय संकटमा भारतले कस्तो प्रतिक्रिया देखायो?,"2008 को विश्वव्यापी वित्तीय संकटको समयमा हल्का आर्थिक मन्दीले भारतलाई केनेसियन नीतिहरू अपनाउन प्रेरित गर्‍यो। वृद्धि र मागलाई प्रोत्साहन गर्न, सरकारले वित्तीय र मौद्रिक प्रोत्साहन उपायहरू लागू गर्यो। त्यसपछिका वर्षहरूमा, आर्थिक वृद्धि पुनर्जीवित भयो।",Economics
2024 सम्ममा नाममात्र GDP र PPP द्वारा विश्व अर्थतन्त्रमा भारतको स्थान कस्तो छ?,भारत नाममात्र GDP द्वारा विश्वको पाँचौं ठूलो अर्थतन्त्र हो र क्रय शक्ति समानता (PPP) द्वारा तेस्रो ठूलो अर्थतन्त्र हो।,Economics
भारतमा बचत बैंक खाताहरूको ब्याज दर निर्धारण गर्न को जिम्मेवार छ?,आरबीआई भारतका सबै राष्ट्रियीकृत वाणिज्य बैंकहरूमा बचत खाताहरूमा ब्याज दरहरू व्यवस्थापन गर्न उत्तरदायी छ।,Economics
कालो धन हटाउने सन्दर्भमा विमुद्रीकरणको सफलता दर कति थियो?,"रिजर्व बैंक अफ इन्डियाको 2018 को रिपोर्ट अनुसार ₹ 15.3 लाख करोड (छोटो स्केलमा 15.3 ट्रिलियन रुपैयाँ) demonetized बैंक नोटहरूमा ₹ 15.41 लाख करोड, वा लगभग 99.3%, बैंकहरूमा जम्मा गरिएको थियो, प्रमुख विश्लेषकहरूले बताउँछन् कि अर्थतन्त्रबाट कालो धन हटाउने प्रयास असफल भयो ।",Economics